Glazing Area,Glazing Area Distribution_0,Glazing_x_GlazingDist,Glazing_x_Orientation,Heating Load,Height_to_Wall_Ratio,Relative Compactness,Roof Area,Surface_to_Volume_Ratio,Surface_x_Compactness,Volume,Wall Area,Wall_to_Roof_Ratio
0.0,1.0,0.0,0.0,15.55,0.023809523809523808,0.98,110.25,0.14285714285714285,504.21,3601.5,294.0,2.6666666666666665
0.0,1.0,0.0,0.0,15.55,0.023809523809523808,0.98,110.25,0.14285714285714285,504.21,3601.5,294.0,2.6666666666666665
0.0,1.0,0.0,0.0,15.55,0.023809523809523808,0.98,110.25,0.14285714285714285,504.21,3601.5,294.0,2.6666666666666665
0.0,1.0,0.0,0.0,15.55,0.023809523809523808,0.98,110.25,0.14285714285714285,504.21,3601.5,294.0,2.6666666666666665
0.0,1.0,0.0,0.0,20.84,0.02197802197802198,0.9,122.5,0.14285714285714285,507.15000000000003,3944.5,318.5,2.6
0.0,1.0,0.0,0.0,21.46,0.02197802197802198,0.9,122.5,0.14285714285714285,507.15000000000003,3944.5,318.5,2.6
0.0,1.0,0.0,0.0,20.71,0.02197802197802198,0.9,122.5,0.14285714285714285,507.15000000000003,3944.5,318.5,2.6
0.0,1.0,0.0,0.0,19.68,0.02197802197802198,0.9,122.5,0.14285714285714285,507.15000000000003,3944.5,318.5,2.6
0.0,1.0,0.0,0.0,19.5,0.023809523809523808,0.86,147.0,0.14285714285714285,505.68,4116.0,294.0,2.0
0.0,1.0,0.0,0.0,19.95,0.023809523809523808,0.86,147.0,0.14285714285714285,505.68,4116.0,294.0,2.0
0.0,1.0,0.0,0.0,19.34,0.023809523809523808,0.86,147.0,0.14285714285714285,505.68,4116.0,294.0,2.0
0.0,1.0,0.0,0.0,18.31,0.023809523809523808,0.86,147.0,0.14285714285714285,505.68,4116.0,294.0,2.0
0.0,1.0,0.0,0.0,17.05,0.02197802197802198,0.82,147.0,0.14285714285714285,502.24999999999994,4287.5,318.5,2.1666666666666665
0.0,1.0,0.0,0.0,17.41,0.02197802197802198,0.82,147.0,0.14285714285714285,502.24999999999994,4287.5,318.5,2.1666666666666665
0.0,1.0,0.0,0.0,16.95,0.02197802197802198,0.82,147.0,0.14285714285714285,502.24999999999994,4287.5,318.5,2.1666666666666665
0.0,1.0,0.0,0.0,15.98,0.02197802197802198,0.82,147.0,0.14285714285714285,502.24999999999994,4287.5,318.5,2.1666666666666665
0.0,1.0,0.0,0.0,28.52,0.02040816326530612,0.79,147.0,0.14285714285714285,503.23,4459.0,343.0,2.3333333333333335
0.0,1.0,0.0,0.0,29.9,0.02040816326530612,0.79,147.0,0.14285714285714285,503.23,4459.0,343.0,2.3333333333333335
0.0,1.0,0.0,0.0,29.63,0.02040816326530612,0.79,147.0,0.14285714285714285,503.23,4459.0,343.0,2.3333333333333335
0.0,1.0,0.0,0.0,28.75,0.02040816326530612,0.79,147.0,0.14285714285714285,503.23,4459.0,343.0,2.3333333333333335
0.0,1.0,0.0,0.0,24.77,0.01680672268907563,0.76,122.5,0.14285714285714285,502.74,4630.5,416.5,3.4
0.0,1.0,0.0,0.0,23.93,0.01680672268907563,0.76,122.5,0.14285714285714285,502.74,4630.5,416.5,3.4
0.0,1.0,0.0,0.0,24.77,0.01680672268907563,0.76,122.5,0.14285714285714285,502.74,4630.5,416.5,3.4
0.0,1.0,0.0,0.0,23.93,0.01680672268907563,0.76,122.5,0.14285714285714285,502.74,4630.5,416.5,3.4
0.0,1.0,0.0,0.0,6.07,0.014285714285714285,0.74,220.5,0.2857142857142857,507.64,2401.0,245.0,1.1111111111111112
0.0,1.0,0.0,0.0,6.05,0.014285714285714285,0.74,220.5,0.2857142857142857,507.64,2401.0,245.0,1.1111111111111112
0.0,1.0,0.0,0.0,6.01,0.014285714285714285,0.74,220.5,0.2857142857142857,507.64,2401.0,245.0,1.1111111111111112
0.0,1.0,0.0,0.0,6.04,0.014285714285714285,0.74,220.5,0.2857142857142857,507.64,2401.0,245.0,1.1111111111111112
0.0,1.0,0.0,0.0,6.37,0.012987012987012988,0.71,220.5,0.2857142857142857,504.455,2486.75,269.5,1.2222222222222223
0.0,1.0,0.0,0.0,6.4,0.012987012987012988,0.71,220.5,0.2857142857142857,504.455,2486.75,269.5,1.2222222222222223
0.0,1.0,0.0,0.0,6.366,0.012987012987012988,0.71,220.5,0.2857142857142857,504.455,2486.75,269.5,1.2222222222222223
0.0,1.0,0.0,0.0,6.4,0.012987012987012988,0.71,220.5,0.2857142857142857,504.455,2486.75,269.5,1.2222222222222223
0.0,1.0,0.0,0.0,6.85,0.011904761904761904,0.69,220.5,0.2857142857142857,507.15,2572.5,294.0,1.3333333333333333
0.0,1.0,0.0,0.0,6.79,0.011904761904761904,0.69,220.5,0.2857142857142857,507.15,2572.5,294.0,1.3333333333333333
0.0,1.0,0.0,0.0,6.77,0.011904761904761904,0.69,220.5,0.2857142857142857,507.15,2572.5,294.0,1.3333333333333333
0.0,1.0,0.0,0.0,6.81,0.011904761904761904,0.69,220.5,0.2857142857142857,507.15,2572.5,294.0,1.3333333333333333
0.0,1.0,0.0,0.0,7.18,0.01098901098901099,0.66,220.5,0.2857142857142857,501.27000000000004,2658.25,318.5,1.4444444444444444
0.0,1.0,0.0,0.0,7.1,0.01098901098901099,0.66,220.5,0.2857142857142857,501.27000000000004,2658.25,318.5,1.4444444444444444
0.0,1.0,0.0,0.0,7.1,0.01098901098901099,0.66,220.5,0.2857142857142857,501.27000000000004,2658.25,318.5,1.4444444444444444
0.0,1.0,0.0,0.0,7.1,0.01098901098901099,0.66,220.5,0.2857142857142857,501.27000000000004,2658.25,318.5,1.4444444444444444
0.0,1.0,0.0,0.0,10.85,0.01020408163265306,0.64,220.5,0.2857142857142857,501.76,2744.0,343.0,1.5555555555555556
0.0,1.0,0.0,0.0,10.54,0.01020408163265306,0.64,220.5,0.2857142857142857,501.76,2744.0,343.0,1.5555555555555556
0.0,1.0,0.0,0.0,10.77,0.01020408163265306,0.64,220.5,0.2857142857142857,501.76,2744.0,343.0,1.5555555555555556
0.0,1.0,0.0,0.0,10.56,0.01020408163265306,0.64,220.5,0.2857142857142857,501.76,2744.0,343.0,1.5555555555555556
0.0,1.0,0.0,0.0,8.6,0.009523809523809525,0.62,220.5,0.2857142857142857,501.27,2829.75,367.5,1.6666666666666667
0.0,1.0,0.0,0.0,8.49,0.009523809523809525,0.62,220.5,0.2857142857142857,501.27,2829.75,367.5,1.6666666666666667
0.0,1.0,0.0,0.0,8.45,0.009523809523809525,0.62,220.5,0.2857142857142857,501.27,2829.75,367.5,1.6666666666666667
0.0,1.0,0.0,0.0,8.5,0.009523809523809525,0.62,220.5,0.2857142857142857,501.27,2829.75,367.5,1.6666666666666667
0.1,0.0,0.1,0.2,24.58,0.023809523809523808,0.98,110.25,0.14285714285714285,504.21,3601.5,294.0,2.6666666666666665
0.1,0.0,0.1,0.30000000000000004,24.63,0.023809523809523808,0.98,110.25,0.14285714285714285,504.21,3601.5,294.0,2.6666666666666665
0.1,0.0,0.1,0.4,24.63,0.023809523809523808,0.98,110.25,0.14285714285714285,504.21,3601.5,294.0,2.6666666666666665
0.1,0.0,0.1,0.5,24.59,0.023809523809523808,0.98,110.25,0.14285714285714285,504.21,3601.5,294.0,2.6666666666666665
0.1,0.0,0.1,0.2,29.03,0.02197802197802198,0.9,122.5,0.14285714285714285,507.15000000000003,3944.5,318.5,2.6
0.1,0.0,0.1,0.30000000000000004,29.87,0.02197802197802198,0.9,122.5,0.14285714285714285,507.15000000000003,3944.5,318.5,2.6
0.1,0.0,0.1,0.4,29.14,0.02197802197802198,0.9,122.5,0.14285714285714285,507.15000000000003,3944.5,318.5,2.6
0.1,0.0,0.1,0.5,28.09,0.02197802197802198,0.9,122.5,0.14285714285714285,507.15000000000003,3944.5,318.5,2.6
0.1,0.0,0.1,0.2,26.28,0.023809523809523808,0.86,147.0,0.14285714285714285,505.68,4116.0,294.0,2.0
0.1,0.0,0.1,0.30000000000000004,26.91,0.023809523809523808,0.86,147.0,0.14285714285714285,505.68,4116.0,294.0,2.0
0.1,0.0,0.1,0.4,26.37,0.023809523809523808,0.86,147.0,0.14285714285714285,505.68,4116.0,294.0,2.0
0.1,0.0,0.1,0.5,25.27,0.023809523809523808,0.86,147.0,0.14285714285714285,505.68,4116.0,294.0,2.0
0.1,0.0,0.1,0.2,23.53,0.02197802197802198,0.82,147.0,0.14285714285714285,502.24999999999994,4287.5,318.5,2.1666666666666665
0.1,0.0,0.1,0.30000000000000004,24.03,0.02197802197802198,0.82,147.0,0.14285714285714285,502.24999999999994,4287.5,318.5,2.1666666666666665
0.1,0.0,0.1,0.4,23.54,0.02197802197802198,0.82,147.0,0.14285714285714285,502.24999999999994,4287.5,318.5,2.1666666666666665
0.1,0.0,0.1,0.5,22.58,0.02197802197802198,0.82,147.0,0.14285714285714285,502.24999999999994,4287.5,318.5,2.1666666666666665
0.1,0.0,0.1,0.2,35.56,0.02040816326530612,0.79,147.0,0.14285714285714285,503.23,4459.0,343.0,2.3333333333333335
0.1,0.0,0.1,0.30000000000000004,37.12,0.02040816326530612,0.79,147.0,0.14285714285714285,503.23,4459.0,343.0,2.3333333333333335
0.1,0.0,0.1,0.4,36.9,0.02040816326530612,0.79,147.0,0.14285714285714285,503.23,4459.0,343.0,2.3333333333333335
0.1,0.0,0.1,0.5,35.94,0.02040816326530612,0.79,147.0,0.14285714285714285,503.23,4459.0,343.0,2.3333333333333335
0.1,0.0,0.1,0.2,32.96,0.01680672268907563,0.76,122.5,0.14285714285714285,502.74,4630.5,416.5,3.4
0.1,0.0,0.1,0.30000000000000004,32.12,0.01680672268907563,0.76,122.5,0.14285714285714285,502.74,4630.5,416.5,3.4
0.1,0.0,0.1,0.4,32.94,0.01680672268907563,0.76,122.5,0.14285714285714285,502.74,4630.5,416.5,3.4
0.1,0.0,0.1,0.5,32.21,0.01680672268907563,0.76,122.5,0.14285714285714285,502.74,4630.5,416.5,3.4
0.1,0.0,0.1,0.2,10.36,0.014285714285714285,0.74,220.5,0.2857142857142857,507.64,2401.0,245.0,1.1111111111111112
0.1,0.0,0.1,0.30000000000000004,10.43,0.014285714285714285,0.74,220.5,0.2857142857142857,507.64,2401.0,245.0,1.1111111111111112
0.1,0.0,0.1,0.4,10.36,0.014285714285714285,0.74,220.5,0.2857142857142857,507.64,2401.0,245.0,1.1111111111111112
0.1,0.0,0.1,0.5,10.39,0.014285714285714285,0.74,220.5,0.2857142857142857,507.64,2401.0,245.0,1.1111111111111112
0.1,0.0,0.1,0.2,10.71,0.012987012987012988,0.71,220.5,0.2857142857142857,504.455,2486.75,269.5,1.2222222222222223
0.1,0.0,0.1,0.30000000000000004,10.8,0.012987012987012988,0.71,220.5,0.2857142857142857,504.455,2486.75,269.5,1.2222222222222223
0.1,0.0,0.1,0.4,10.7,0.012987012987012988,0.71,220.5,0.2857142857142857,504.455,2486.75,269.5,1.2222222222222223
0.1,0.0,0.1,0.5,10.75,0.012987012987012988,0.71,220.5,0.2857142857142857,504.455,2486.75,269.5,1.2222222222222223
0.1,0.0,0.1,0.2,11.11,0.011904761904761904,0.69,220.5,0.2857142857142857,507.15,2572.5,294.0,1.3333333333333333
0.1,0.0,0.1,0.30000000000000004,11.13,0.011904761904761904,0.69,220.5,0.2857142857142857,507.15,2572.5,294.0,1.3333333333333333
0.1,0.0,0.1,0.4,11.09,0.011904761904761904,0.69,220.5,0.2857142857142857,507.15,2572.5,294.0,1.3333333333333333
0.1,0.0,0.1,0.5,11.16,0.011904761904761904,0.69,220.5,0.2857142857142857,507.15,2572.5,294.0,1.3333333333333333
0.1,0.0,0.1,0.2,11.68,0.01098901098901099,0.66,220.5,0.2857142857142857,501.27000000000004,2658.25,318.5,1.4444444444444444
0.1,0.0,0.1,0.30000000000000004,11.69,0.01098901098901099,0.66,220.5,0.2857142857142857,501.27000000000004,2658.25,318.5,1.4444444444444444
0.1,0.0,0.1,0.4,11.7,0.01098901098901099,0.66,220.5,0.2857142857142857,501.27000000000004,2658.25,318.5,1.4444444444444444
0.1,0.0,0.1,0.5,11.69,0.01098901098901099,0.66,220.5,0.2857142857142857,501.27000000000004,2658.25,318.5,1.4444444444444444
0.1,0.0,0.1,0.2,15.41,0.01020408163265306,0.64,220.5,0.2857142857142857,501.76,2744.0,343.0,1.5555555555555556
0.1,0.0,0.1,0.30000000000000004,15.2,0.01020408163265306,0.64,220.5,0.2857142857142857,501.76,2744.0,343.0,1.5555555555555556
0.1,0.0,0.1,0.4,15.42,0.01020408163265306,0.64,220.5,0.2857142857142857,501.76,2744.0,343.0,1.5555555555555556
0.1,0.0,0.1,0.5,15.21,0.01020408163265306,0.64,220.5,0.2857142857142857,501.76,2744.0,343.0,1.5555555555555556
0.1,0.0,0.1,0.2,12.96,0.009523809523809525,0.62,220.5,0.2857142857142857,501.27,2829.75,367.5,1.6666666666666667
0.1,0.0,0.1,0.30000000000000004,12.97,0.009523809523809525,0.62,220.5,0.2857142857142857,501.27,2829.75,367.5,1.6666666666666667
0.1,0.0,0.1,0.4,12.93,0.009523809523809525,0.62,220.5,0.2857142857142857,501.27,2829.75,367.5,1.6666666666666667
0.1,0.0,0.1,0.5,13.02,0.009523809523809525,0.62,220.5,0.2857142857142857,501.27,2829.75,367.5,1.6666666666666667
0.1,0.0,0.2,0.2,24.29,0.023809523809523808,0.98,110.25,0.14285714285714285,504.21,3601.5,294.0,2.6666666666666665
0.1,0.0,0.2,0.30000000000000004,24.31,0.023809523809523808,0.98,110.25,0.14285714285714285,504.21,3601.5,294.0,2.6666666666666665
0.1,0.0,0.2,0.4,24.13,0.023809523809523808,0.98,110.25,0.14285714285714285,504.21,3601.5,294.0,2.6666666666666665
0.1,0.0,0.2,0.5,24.25,0.023809523809523808,0.98,110.25,0.14285714285714285,504.21,3601.5,294.0,2.6666666666666665
0.1,0.0,0.2,0.2,28.88,0.02197802197802198,0.9,122.5,0.14285714285714285,507.15000000000003,3944.5,318.5,2.6
0.1,0.0,0.2,0.30000000000000004,29.68,0.02197802197802198,0.9,122.5,0.14285714285714285,507.15000000000003,3944.5,318.5,2.6
0.1,0.0,0.2,0.4,28.83,0.02197802197802198,0.9,122.5,0.14285714285714285,507.15000000000003,3944.5,318.5,2.6
0.1,0.0,0.2,0.5,27.9,0.02197802197802198,0.9,122.5,0.14285714285714285,507.15000000000003,3944.5,318.5,2.6
0.1,0.0,0.2,0.2,26.48,0.023809523809523808,0.86,147.0,0.14285714285714285,505.68,4116.0,294.0,2.0
0.1,0.0,0.2,0.30000000000000004,27.02,0.023809523809523808,0.86,147.0,0.14285714285714285,505.68,4116.0,294.0,2.0
0.1,0.0,0.2,0.4,26.33,0.023809523809523808,0.86,147.0,0.14285714285714285,505.68,4116.0,294.0,2.0
0.1,0.0,0.2,0.5,25.36,0.023809523809523808,0.86,147.0,0.14285714285714285,505.68,4116.0,294.0,2.0
0.1,0.0,0.2,0.2,23.75,0.02197802197802198,0.82,147.0,0.14285714285714285,502.24999999999994,4287.5,318.5,2.1666666666666665
0.1,0.0,0.2,0.30000000000000004,24.23,0.02197802197802198,0.82,147.0,0.14285714285714285,502.24999999999994,4287.5,318.5,2.1666666666666665
0.1,0.0,0.2,0.4,23.67,0.02197802197802198,0.82,147.0,0.14285714285714285,502.24999999999994,4287.5,318.5,2.1666666666666665
0.1,0.0,0.2,0.5,22.79,0.02197802197802198,0.82,147.0,0.14285714285714285,502.24999999999994,4287.5,318.5,2.1666666666666665
0.1,0.0,0.2,0.2,35.65,0.02040816326530612,0.79,147.0,0.14285714285714285,503.23,4459.0,343.0,2.3333333333333335
0.1,0.0,0.2,0.30000000000000004,37.26,0.02040816326530612,0.79,147.0,0.14285714285714285,503.23,4459.0,343.0,2.3333333333333335
0.1,0.0,0.2,0.4,36.97,0.02040816326530612,0.79,147.0,0.14285714285714285,503.23,4459.0,343.0,2.3333333333333335
0.1,0.0,0.2,0.5,36.03,0.02040816326530612,0.79,147.0,0.14285714285714285,503.23,4459.0,343.0,2.3333333333333335
0.1,0.0,0.2,0.2,33.16,0.01680672268907563,0.76,122.5,0.14285714285714285,502.74,4630.5,416.5,3.4
0.1,0.0,0.2,0.30000000000000004,32.4,0.01680672268907563,0.76,122.5,0.14285714285714285,502.74,4630.5,416.5,3.4
0.1,0.0,0.2,0.4,33.12,0.01680672268907563,0.76,122.5,0.14285714285714285,502.74,4630.5,416.5,3.4
0.1,0.0,0.2,0.5,32.41,0.01680672268907563,0.76,122.5,0.14285714285714285,502.74,4630.5,416.5,3.4
0.1,0.0,0.2,0.2,10.42,0.014285714285714285,0.74,220.5,0.2857142857142857,507.64,2401.0,245.0,1.1111111111111112
0.1,0.0,0.2,0.30000000000000004,10.46,0.014285714285714285,0.74,220.5,0.2857142857142857,507.64,2401.0,245.0,1.1111111111111112
0.1,0.0,0.2,0.4,10.32,0.014285714285714285,0.74,220.5,0.2857142857142857,507.64,2401.0,245.0,1.1111111111111112
0.1,0.0,0.2,0.5,10.45,0.014285714285714285,0.74,220.5,0.2857142857142857,507.64,2401.0,245.0,1.1111111111111112
0.1,0.0,0.2,0.2,10.64,0.012987012987012988,0.71,220.5,0.2857142857142857,504.455,2486.75,269.5,1.2222222222222223
0.1,0.0,0.2,0.30000000000000004,10.72,0.012987012987012988,0.71,220.5,0.2857142857142857,504.455,2486.75,269.5,1.2222222222222223
0.1,0.0,0.2,0.4,10.55,0.012987012987012988,0.71,220.5,0.2857142857142857,504.455,2486.75,269.5,1.2222222222222223
0.1,0.0,0.2,0.5,10.68,0.012987012987012988,0.71,220.5,0.2857142857142857,504.455,2486.75,269.5,1.2222222222222223
0.1,0.0,0.2,0.2,11.45,0.011904761904761904,0.69,220.5,0.2857142857142857,507.15,2572.5,294.0,1.3333333333333333
0.1,0.0,0.2,0.30000000000000004,11.46,0.011904761904761904,0.69,220.5,0.2857142857142857,507.15,2572.5,294.0,1.3333333333333333
0.1,0.0,0.2,0.4,11.32,0.011904761904761904,0.69,220.5,0.2857142857142857,507.15,2572.5,294.0,1.3333333333333333
0.1,0.0,0.2,0.5,11.49,0.011904761904761904,0.69,220.5,0.2857142857142857,507.15,2572.5,294.0,1.3333333333333333
0.1,0.0,0.2,0.2,11.45,0.01098901098901099,0.66,220.5,0.2857142857142857,501.27000000000004,2658.25,318.5,1.4444444444444444
0.1,0.0,0.2,0.30000000000000004,11.42,0.01098901098901099,0.66,220.5,0.2857142857142857,501.27000000000004,2658.25,318.5,1.4444444444444444
0.1,0.0,0.2,0.4,11.33,0.01098901098901099,0.66,220.5,0.2857142857142857,501.27000000000004,2658.25,318.5,1.4444444444444444
0.1,0.0,0.2,0.5,11.43,0.01098901098901099,0.66,220.5,0.2857142857142857,501.27000000000004,2658.25,318.5,1.4444444444444444
0.1,0.0,0.2,0.2,15.41,0.01020408163265306,0.64,220.5,0.2857142857142857,501.76,2744.0,343.0,1.5555555555555556
0.1,0.0,0.2,0.30000000000000004,15.18,0.01020408163265306,0.64,220.5,0.2857142857142857,501.76,2744.0,343.0,1.5555555555555556
0.1,0.0,0.2,0.4,15.34,0.01020408163265306,0.64,220.5,0.2857142857142857,501.76,2744.0,343.0,1.5555555555555556
0.1,0.0,0.2,0.5,15.19,0.01020408163265306,0.64,220.5,0.2857142857142857,501.76,2744.0,343.0,1.5555555555555556
0.1,0.0,0.2,0.2,12.88,0.009523809523809525,0.62,220.5,0.2857142857142857,501.27,2829.75,367.5,1.6666666666666667
0.1,0.0,0.2,0.30000000000000004,13.0,0.009523809523809525,0.62,220.5,0.2857142857142857,501.27,2829.75,367.5,1.6666666666666667
0.1,0.0,0.2,0.4,12.97,0.009523809523809525,0.62,220.5,0.2857142857142857,501.27,2829.75,367.5,1.6666666666666667
0.1,0.0,0.2,0.5,13.04,0.009523809523809525,0.62,220.5,0.2857142857142857,501.27,2829.75,367.5,1.6666666666666667
0.1,0.0,0.30000000000000004,0.2,24.28,0.023809523809523808,0.98,110.25,0.14285714285714285,504.21,3601.5,294.0,2.6666666666666665
0.1,0.0,0.30000000000000004,0.30000000000000004,24.4,0.023809523809523808,0.98,110.25,0.14285714285714285,504.21,3601.5,294.0,2.6666666666666665
0.1,0.0,0.30000000000000004,0.4,24.11,0.023809523809523808,0.98,110.25,0.14285714285714285,504.21,3601.5,294.0,2.6666666666666665
0.1,0.0,0.30000000000000004,0.5,24.35,0.023809523809523808,0.98,110.25,0.14285714285714285,504.21,3601.5,294.0,2.6666666666666665
0.1,0.0,0.30000000000000004,0.2,28.07,0.02197802197802198,0.9,122.5,0.14285714285714285,507.15000000000003,3944.5,318.5,2.6
0.1,0.0,0.30000000000000004,0.30000000000000004,29.01,0.02197802197802198,0.9,122.5,0.14285714285714285,507.15000000000003,3944.5,318.5,2.6
0.1,0.0,0.30000000000000004,0.4,29.62,0.02197802197802198,0.9,122.5,0.14285714285714285,507.15000000000003,3944.5,318.5,2.6
0.1,0.0,0.30000000000000004,0.5,29.05,0.02197802197802198,0.9,122.5,0.14285714285714285,507.15000000000003,3944.5,318.5,2.6
0.1,0.0,0.30000000000000004,0.2,25.41,0.023809523809523808,0.86,147.0,0.14285714285714285,505.68,4116.0,294.0,2.0
0.1,0.0,0.30000000000000004,0.30000000000000004,26.47,0.023809523809523808,0.86,147.0,0.14285714285714285,505.68,4116.0,294.0,2.0
0.1,0.0,0.30000000000000004,0.4,26.89,0.023809523809523808,0.86,147.0,0.14285714285714285,505.68,4116.0,294.0,2.0
0.1,0.0,0.30000000000000004,0.5,26.46,0.023809523809523808,0.86,147.0,0.14285714285714285,505.68,4116.0,294.0,2.0
0.1,0.0,0.30000000000000004,0.2,22.93,0.02197802197802198,0.82,147.0,0.14285714285714285,502.24999999999994,4287.5,318.5,2.1666666666666665
0.1,0.0,0.30000000000000004,0.30000000000000004,23.84,0.02197802197802198,0.82,147.0,0.14285714285714285,502.24999999999994,4287.5,318.5,2.1666666666666665
0.1,0.0,0.30000000000000004,0.4,24.17,0.02197802197802198,0.82,147.0,0.14285714285714285,502.24999999999994,4287.5,318.5,2.1666666666666665
0.1,0.0,0.30000000000000004,0.5,23.87,0.02197802197802198,0.82,147.0,0.14285714285714285,502.24999999999994,4287.5,318.5,2.1666666666666665
0.1,0.0,0.30000000000000004,0.2,35.78,0.02040816326530612,0.79,147.0,0.14285714285714285,503.23,4459.0,343.0,2.3333333333333335
0.1,0.0,0.30000000000000004,0.30000000000000004,35.48,0.02040816326530612,0.79,147.0,0.14285714285714285,503.23,4459.0,343.0,2.3333333333333335
0.1,0.0,0.30000000000000004,0.4,36.97,0.02040816326530612,0.79,147.0,0.14285714285714285,503.23,4459.0,343.0,2.3333333333333335
0.1,0.0,0.30000000000000004,0.5,36.7,0.02040816326530612,0.79,147.0,0.14285714285714285,503.23,4459.0,343.0,2.3333333333333335
0.1,0.0,0.30000000000000004,0.2,32.52,0.01680672268907563,0.76,122.5,0.14285714285714285,502.74,4630.5,416.5,3.4
0.1,0.0,0.30000000000000004,0.30000000000000004,33.28,0.01680672268907563,0.76,122.5,0.14285714285714285,502.74,4630.5,416.5,3.4
0.1,0.0,0.30000000000000004,0.4,32.33,0.01680672268907563,0.76,122.5,0.14285714285714285,502.74,4630.5,416.5,3.4
0.1,0.0,0.30000000000000004,0.5,33.24,0.01680672268907563,0.76,122.5,0.14285714285714285,502.74,4630.5,416.5,3.4
0.1,0.0,0.30000000000000004,0.2,10.39,0.014285714285714285,0.74,220.5,0.2857142857142857,507.64,2401.0,245.0,1.1111111111111112
0.1,0.0,0.30000000000000004,0.30000000000000004,10.34,0.014285714285714285,0.74,220.5,0.2857142857142857,507.64,2401.0,245.0,1.1111111111111112
0.1,0.0,0.30000000000000004,0.4,10.35,0.014285714285714285,0.74,220.5,0.2857142857142857,507.64,2401.0,245.0,1.1111111111111112
0.1,0.0,0.30000000000000004,0.5,10.38,0.014285714285714285,0.74,220.5,0.2857142857142857,507.64,2401.0,245.0,1.1111111111111112
0.1,0.0,0.30000000000000004,0.2,10.77,0.012987012987012988,0.71,220.5,0.2857142857142857,504.455,2486.75,269.5,1.2222222222222223
0.1,0.0,0.30000000000000004,0.30000000000000004,10.68,0.012987012987012988,0.71,220.5,0.2857142857142857,504.455,2486.75,269.5,1.2222222222222223
0.1,0.0,0.30000000000000004,0.4,10.68,0.012987012987012988,0.71,220.5,0.2857142857142857,504.455,2486.75,269.5,1.2222222222222223
0.1,0.0,0.30000000000000004,0.5,10.7,0.012987012987012988,0.71,220.5,0.2857142857142857,504.455,2486.75,269.5,1.2222222222222223
0.1,0.0,0.30000000000000004,0.2,11.22,0.011904761904761904,0.69,220.5,0.2857142857142857,507.15,2572.5,294.0,1.3333333333333333
0.1,0.0,0.30000000000000004,0.30000000000000004,11.16,0.011904761904761904,0.69,220.5,0.2857142857142857,507.15,2572.5,294.0,1.3333333333333333
0.1,0.0,0.30000000000000004,0.4,11.1,0.011904761904761904,0.69,220.5,0.2857142857142857,507.15,2572.5,294.0,1.3333333333333333
0.1,0.0,0.30000000000000004,0.5,11.14,0.011904761904761904,0.69,220.5,0.2857142857142857,507.15,2572.5,294.0,1.3333333333333333
0.1,0.0,0.30000000000000004,0.2,11.59,0.01098901098901099,0.66,220.5,0.2857142857142857,501.27000000000004,2658.25,318.5,1.4444444444444444
0.1,0.0,0.30000000000000004,0.30000000000000004,11.6,0.01098901098901099,0.66,220.5,0.2857142857142857,501.27000000000004,2658.25,318.5,1.4444444444444444
0.1,0.0,0.30000000000000004,0.4,11.53,0.01098901098901099,0.66,220.5,0.2857142857142857,501.27000000000004,2658.25,318.5,1.4444444444444444
0.1,0.0,0.30000000000000004,0.5,11.61,0.01098901098901099,0.66,220.5,0.2857142857142857,501.27000000000004,2658.25,318.5,1.4444444444444444
0.1,0.0,0.30000000000000004,0.2,15.16,0.01020408163265306,0.64,220.5,0.2857142857142857,501.76,2744.0,343.0,1.5555555555555556
0.1,0.0,0.30000000000000004,0.30000000000000004,15.36,0.01020408163265306,0.64,220.5,0.2857142857142857,501.76,2744.0,343.0,1.5555555555555556
0.1,0.0,0.30000000000000004,0.4,15.12,0.01020408163265306,0.64,220.5,0.2857142857142857,501.76,2744.0,343.0,1.5555555555555556
0.1,0.0,0.30000000000000004,0.5,15.36,0.01020408163265306,0.64,220.5,0.2857142857142857,501.76,2744.0,343.0,1.5555555555555556
0.1,0.0,0.30000000000000004,0.2,12.68,0.009523809523809525,0.62,220.5,0.2857142857142857,501.27,2829.75,367.5,1.6666666666666667
0.1,0.0,0.30000000000000004,0.30000000000000004,12.63,0.009523809523809525,0.62,220.5,0.2857142857142857,501.27,2829.75,367.5,1.6666666666666667
0.1,0.0,0.30000000000000004,0.4,12.71,0.009523809523809525,0.62,220.5,0.2857142857142857,501.27,2829.75,367.5,1.6666666666666667
0.1,0.0,0.30000000000000004,0.5,12.73,0.009523809523809525,0.62,220.5,0.2857142857142857,501.27,2829.75,367.5,1.6666666666666667
0.1,0.0,0.4,0.2,24.38,0.023809523809523808,0.98,110.25,0.14285714285714285,504.21,3601.5,294.0,2.6666666666666665
0.1,0.0,0.4,0.30000000000000004,24.23,0.023809523809523808,0.98,110.25,0.14285714285714285,504.21,3601.5,294.0,2.6666666666666665
0.1,0.0,0.4,0.4,24.04,0.023809523809523808,0.98,110.25,0.14285714285714285,504.21,3601.5,294.0,2.6666666666666665
0.1,0.0,0.4,0.5,24.32,0.023809523809523808,0.98,110.25,0.14285714285714285,504.21,3601.5,294.0,2.6666666666666665
0.1,0.0,0.4,0.2,29.06,0.02197802197802198,0.9,122.5,0.14285714285714285,507.15000000000003,3944.5,318.5,2.6
0.1,0.0,0.4,0.30000000000000004,28.05,0.02197802197802198,0.9,122.5,0.14285714285714285,507.15000000000003,3944.5,318.5,2.6
0.1,0.0,0.4,0.4,28.86,0.02197802197802198,0.9,122.5,0.14285714285714285,507.15000000000003,3944.5,318.5,2.6
0.1,0.0,0.4,0.5,29.79,0.02197802197802198,0.9,122.5,0.14285714285714285,507.15000000000003,3944.5,318.5,2.6
0.1,0.0,0.4,0.2,26.44,0.023809523809523808,0.86,147.0,0.14285714285714285,505.68,4116.0,294.0,2.0
0.1,0.0,0.4,0.30000000000000004,25.37,0.023809523809523808,0.86,147.0,0.14285714285714285,505.68,4116.0,294.0,2.0
0.1,0.0,0.4,0.4,26.33,0.023809523809523808,0.86,147.0,0.14285714285714285,505.68,4116.0,294.0,2.0
0.1,0.0,0.4,0.5,27.03,0.023809523809523808,0.86,147.0,0.14285714285714285,505.68,4116.0,294.0,2.0
0.1,0.0,0.4,0.2,23.8,0.02197802197802198,0.82,147.0,0.14285714285714285,502.24999999999994,4287.5,318.5,2.1666666666666665
0.1,0.0,0.4,0.30000000000000004,22.8,0.02197802197802198,0.82,147.0,0.14285714285714285,502.24999999999994,4287.5,318.5,2.1666666666666665
0.1,0.0,0.4,0.4,23.59,0.02197802197802198,0.82,147.0,0.14285714285714285,502.24999999999994,4287.5,318.5,2.1666666666666665
0.1,0.0,0.4,0.5,24.24,0.02197802197802198,0.82,147.0,0.14285714285714285,502.24999999999994,4287.5,318.5,2.1666666666666665
0.1,0.0,0.4,0.2,36.86,0.02040816326530612,0.79,147.0,0.14285714285714285,503.23,4459.0,343.0,2.3333333333333335
0.1,0.0,0.4,0.30000000000000004,35.89,0.02040816326530612,0.79,147.0,0.14285714285714285,503.23,4459.0,343.0,2.3333333333333335
0.1,0.0,0.4,0.4,35.45,0.02040816326530612,0.79,147.0,0.14285714285714285,503.23,4459.0,343.0,2.3333333333333335
0.1,0.0,0.4,0.5,37.1,0.02040816326530612,0.79,147.0,0.14285714285714285,503.23,4459.0,343.0,2.3333333333333335
0.1,0.0,0.4,0.2,33.08,0.01680672268907563,0.76,122.5,0.14285714285714285,502.74,4630.5,416.5,3.4
0.1,0.0,0.4,0.30000000000000004,32.38,0.01680672268907563,0.76,122.5,0.14285714285714285,502.74,4630.5,416.5,3.4
0.1,0.0,0.4,0.4,33.09,0.01680672268907563,0.76,122.5,0.14285714285714285,502.74,4630.5,416.5,3.4
0.1,0.0,0.4,0.5,32.31,0.01680672268907563,0.76,122.5,0.14285714285714285,502.74,4630.5,416.5,3.4
0.1,0.0,0.4,0.2,10.08,0.014285714285714285,0.74,220.5,0.2857142857142857,507.64,2401.0,245.0,1.1111111111111112
0.1,0.0,0.4,0.30000000000000004,10.15,0.014285714285714285,0.74,220.5,0.2857142857142857,507.64,2401.0,245.0,1.1111111111111112
0.1,0.0,0.4,0.4,10.07,0.014285714285714285,0.74,220.5,0.2857142857142857,507.64,2401.0,245.0,1.1111111111111112
0.1,0.0,0.4,0.5,10.14,0.014285714285714285,0.74,220.5,0.2857142857142857,507.64,2401.0,245.0,1.1111111111111112
0.1,0.0,0.4,0.2,10.66,0.012987012987012988,0.71,220.5,0.2857142857142857,504.455,2486.75,269.5,1.2222222222222223
0.1,0.0,0.4,0.30000000000000004,10.68,0.012987012987012988,0.71,220.5,0.2857142857142857,504.455,2486.75,269.5,1.2222222222222223
0.1,0.0,0.4,0.4,10.53,0.012987012987012988,0.71,220.5,0.2857142857142857,504.455,2486.75,269.5,1.2222222222222223
0.1,0.0,0.4,0.5,10.72,0.012987012987012988,0.71,220.5,0.2857142857142857,504.455,2486.75,269.5,1.2222222222222223
0.1,0.0,0.4,0.2,11.18,0.011904761904761904,0.69,220.5,0.2857142857142857,507.15,2572.5,294.0,1.3333333333333333
0.1,0.0,0.4,0.30000000000000004,11.22,0.011904761904761904,0.69,220.5,0.2857142857142857,507.15,2572.5,294.0,1.3333333333333333
0.1,0.0,0.4,0.4,11.07,0.011904761904761904,0.69,220.5,0.2857142857142857,507.15,2572.5,294.0,1.3333333333333333
0.1,0.0,0.4,0.5,11.2,0.011904761904761904,0.69,220.5,0.2857142857142857,507.15,2572.5,294.0,1.3333333333333333
0.1,0.0,0.4,0.2,11.44,0.01098901098901099,0.66,220.5,0.2857142857142857,501.27000000000004,2658.25,318.5,1.4444444444444444
0.1,0.0,0.4,0.30000000000000004,11.42,0.01098901098901099,0.66,220.5,0.2857142857142857,501.27000000000004,2658.25,318.5,1.4444444444444444
0.1,0.0,0.4,0.4,11.33,0.01098901098901099,0.66,220.5,0.2857142857142857,501.27000000000004,2658.25,318.5,1.4444444444444444
0.1,0.0,0.4,0.5,11.43,0.01098901098901099,0.66,220.5,0.2857142857142857,501.27000000000004,2658.25,318.5,1.4444444444444444
0.1,0.0,0.4,0.2,15.4,0.01020408163265306,0.64,220.5,0.2857142857142857,501.76,2744.0,343.0,1.5555555555555556
0.1,0.0,0.4,0.30000000000000004,15.19,0.01020408163265306,0.64,220.5,0.2857142857142857,501.76,2744.0,343.0,1.5555555555555556
0.1,0.0,0.4,0.4,15.32,0.01020408163265306,0.64,220.5,0.2857142857142857,501.76,2744.0,343.0,1.5555555555555556
0.1,0.0,0.4,0.5,15.16,0.01020408163265306,0.64,220.5,0.2857142857142857,501.76,2744.0,343.0,1.5555555555555556
0.1,0.0,0.4,0.2,12.85,0.009523809523809525,0.62,220.5,0.2857142857142857,501.27,2829.75,367.5,1.6666666666666667
0.1,0.0,0.4,0.30000000000000004,13.04,0.009523809523809525,0.62,220.5,0.2857142857142857,501.27,2829.75,367.5,1.6666666666666667
0.1,0.0,0.4,0.4,13.0,0.009523809523809525,0.62,220.5,0.2857142857142857,501.27,2829.75,367.5,1.6666666666666667
0.1,0.0,0.4,0.5,13.0,0.009523809523809525,0.62,220.5,0.2857142857142857,501.27,2829.75,367.5,1.6666666666666667
0.1,0.0,0.5,0.2,24.35,0.023809523809523808,0.98,110.25,0.14285714285714285,504.21,3601.5,294.0,2.6666666666666665
0.1,0.0,0.5,0.30000000000000004,24.33,0.023809523809523808,0.98,110.25,0.14285714285714285,504.21,3601.5,294.0,2.6666666666666665
0.1,0.0,0.5,0.4,24.03,0.023809523809523808,0.98,110.25,0.14285714285714285,504.21,3601.5,294.0,2.6666666666666665
0.1,0.0,0.5,0.5,24.26,0.023809523809523808,0.98,110.25,0.14285714285714285,504.21,3601.5,294.0,2.6666666666666665
0.1,0.0,0.5,0.2,29.83,0.02197802197802198,0.9,122.5,0.14285714285714285,507.15000000000003,3944.5,318.5,2.6
0.1,0.0,0.5,0.30000000000000004,29.08,0.02197802197802198,0.9,122.5,0.14285714285714285,507.15000000000003,3944.5,318.5,2.6
0.1,0.0,0.5,0.4,28.03,0.02197802197802198,0.9,122.5,0.14285714285714285,507.15000000000003,3944.5,318.5,2.6
0.1,0.0,0.5,0.5,29.02,0.02197802197802198,0.9,122.5,0.14285714285714285,507.15000000000003,3944.5,318.5,2.6
0.1,0.0,0.5,0.2,27.03,0.023809523809523808,0.86,147.0,0.14285714285714285,505.68,4116.0,294.0,2.0
0.1,0.0,0.5,0.30000000000000004,26.45,0.023809523809523808,0.86,147.0,0.14285714285714285,505.68,4116.0,294.0,2.0
0.1,0.0,0.5,0.4,25.36,0.023809523809523808,0.86,147.0,0.14285714285714285,505.68,4116.0,294.0,2.0
0.1,0.0,0.5,0.5,26.45,0.023809523809523808,0.86,147.0,0.14285714285714285,505.68,4116.0,294.0,2.0
0.1,0.0,0.5,0.2,24.37,0.02197802197802198,0.82,147.0,0.14285714285714285,502.24999999999994,4287.5,318.5,2.1666666666666665
0.1,0.0,0.5,0.30000000000000004,23.89,0.02197802197802198,0.82,147.0,0.14285714285714285,502.24999999999994,4287.5,318.5,2.1666666666666665
0.1,0.0,0.5,0.4,22.89,0.02197802197802198,0.82,147.0,0.14285714285714285,502.24999999999994,4287.5,318.5,2.1666666666666665
0.1,0.0,0.5,0.5,23.86,0.02197802197802198,0.82,147.0,0.14285714285714285,502.24999999999994,4287.5,318.5,2.1666666666666665
0.1,0.0,0.5,0.2,37.03,0.02040816326530612,0.79,147.0,0.14285714285714285,503.23,4459.0,343.0,2.3333333333333335
0.1,0.0,0.5,0.30000000000000004,36.71,0.02040816326530612,0.79,147.0,0.14285714285714285,503.23,4459.0,343.0,2.3333333333333335
0.1,0.0,0.5,0.4,36.77,0.02040816326530612,0.79,147.0,0.14285714285714285,503.23,4459.0,343.0,2.3333333333333335
0.1,0.0,0.5,0.5,35.48,0.02040816326530612,0.79,147.0,0.14285714285714285,503.23,4459.0,343.0,2.3333333333333335
0.1,0.0,0.5,0.2,32.31,0.01680672268907563,0.76,122.5,0.14285714285714285,502.74,4630.5,416.5,3.4
0.1,0.0,0.5,0.30000000000000004,33.21,0.01680672268907563,0.76,122.5,0.14285714285714285,502.74,4630.5,416.5,3.4
0.1,0.0,0.5,0.4,32.46,0.01680672268907563,0.76,122.5,0.14285714285714285,502.74,4630.5,416.5,3.4
0.1,0.0,0.5,0.5,33.27,0.01680672268907563,0.76,122.5,0.14285714285714285,502.74,4630.5,416.5,3.4
0.1,0.0,0.5,0.2,10.47,0.014285714285714285,0.74,220.5,0.2857142857142857,507.64,2401.0,245.0,1.1111111111111112
0.1,0.0,0.5,0.30000000000000004,10.37,0.014285714285714285,0.74,220.5,0.2857142857142857,507.64,2401.0,245.0,1.1111111111111112
0.1,0.0,0.5,0.4,10.34,0.014285714285714285,0.74,220.5,0.2857142857142857,507.64,2401.0,245.0,1.1111111111111112
0.1,0.0,0.5,0.5,10.39,0.014285714285714285,0.74,220.5,0.2857142857142857,507.64,2401.0,245.0,1.1111111111111112
0.1,0.0,0.5,0.2,10.78,0.012987012987012988,0.71,220.5,0.2857142857142857,504.455,2486.75,269.5,1.2222222222222223
0.1,0.0,0.5,0.30000000000000004,10.7,0.012987012987012988,0.71,220.5,0.2857142857142857,504.455,2486.75,269.5,1.2222222222222223
0.1,0.0,0.5,0.4,10.67,0.012987012987012988,0.71,220.5,0.2857142857142857,504.455,2486.75,269.5,1.2222222222222223
0.1,0.0,0.5,0.5,13.69,0.012987012987012988,0.71,220.5,0.2857142857142857,504.455,2486.75,269.5,1.2222222222222223
0.1,0.0,0.5,0.2,11.21,0.011904761904761904,0.69,220.5,0.2857142857142857,507.15,2572.5,294.0,1.3333333333333333
0.1,0.0,0.5,0.30000000000000004,11.14,0.011904761904761904,0.69,220.5,0.2857142857142857,507.15,2572.5,294.0,1.3333333333333333
0.1,0.0,0.5,0.4,11.11,0.011904761904761904,0.69,220.5,0.2857142857142857,507.15,2572.5,294.0,1.3333333333333333
0.1,0.0,0.5,0.5,11.16,0.011904761904761904,0.69,220.5,0.2857142857142857,507.15,2572.5,294.0,1.3333333333333333
0.1,0.0,0.5,0.2,11.38,0.01098901098901099,0.66,220.5,0.2857142857142857,501.27000000000004,2658.25,318.5,1.4444444444444444
0.1,0.0,0.5,0.30000000000000004,11.34,0.01098901098901099,0.66,220.5,0.2857142857142857,501.27000000000004,2658.25,318.5,1.4444444444444444
0.1,0.0,0.5,0.4,11.22,0.01098901098901099,0.66,220.5,0.2857142857142857,501.27000000000004,2658.25,318.5,1.4444444444444444
0.1,0.0,0.5,0.5,11.34,0.01098901098901099,0.66,220.5,0.2857142857142857,501.27000000000004,2658.25,318.5,1.4444444444444444
0.1,0.0,0.5,0.2,15.16,0.01020408163265306,0.64,220.5,0.2857142857142857,501.76,2744.0,343.0,1.5555555555555556
0.1,0.0,0.5,0.30000000000000004,15.37,0.01020408163265306,0.64,220.5,0.2857142857142857,501.76,2744.0,343.0,1.5555555555555556
0.1,0.0,0.5,0.4,15.12,0.01020408163265306,0.64,220.5,0.2857142857142857,501.76,2744.0,343.0,1.5555555555555556
0.1,0.0,0.5,0.5,15.36,0.01020408163265306,0.64,220.5,0.2857142857142857,501.76,2744.0,343.0,1.5555555555555556
0.1,0.0,0.5,0.2,12.59,0.009523809523809525,0.62,220.5,0.2857142857142857,501.27,2829.75,367.5,1.6666666666666667
0.1,0.0,0.5,0.30000000000000004,12.74,0.009523809523809525,0.62,220.5,0.2857142857142857,501.27,2829.75,367.5,1.6666666666666667
0.1,0.0,0.5,0.4,12.8,0.009523809523809525,0.62,220.5,0.2857142857142857,501.27,2829.75,367.5,1.6666666666666667
0.1,0.0,0.5,0.5,12.62,0.009523809523809525,0.62,220.5,0.2857142857142857,501.27,2829.75,367.5,1.6666666666666667
0.25,0.0,0.25,0.5,28.15,0.023809523809523808,0.98,110.25,0.14285714285714285,504.21,3601.5,294.0,2.6666666666666665
0.25,0.0,0.25,0.75,28.15,0.023809523809523808,0.98,110.25,0.14285714285714285,504.21,3601.5,294.0,2.6666666666666665
0.25,0.0,0.25,1.0,28.37,0.023809523809523808,0.98,110.25,0.14285714285714285,504.21,3601.5,294.0,2.6666666666666665
0.25,0.0,0.25,1.25,28.41,0.023809523809523808,0.98,110.25,0.14285714285714285,504.21,3601.5,294.0,2.6666666666666665
0.25,0.0,0.25,0.5,32.68,0.02197802197802198,0.9,122.5,0.14285714285714285,507.15000000000003,3944.5,318.5,2.6
0.25,0.0,0.25,0.75,33.48,0.02197802197802198,0.9,122.5,0.14285714285714285,507.15000000000003,3944.5,318.5,2.6
0.25,0.0,0.25,1.0,32.84,0.02197802197802198,0.9,122.5,0.14285714285714285,507.15000000000003,3944.5,318.5,2.6
0.25,0.0,0.25,1.25,32.0,0.02197802197802198,0.9,122.5,0.14285714285714285,507.15000000000003,3944.5,318.5,2.6
0.25,0.0,0.25,0.5,29.54,0.023809523809523808,0.86,147.0,0.14285714285714285,505.68,4116.0,294.0,2.0
0.25,0.0,0.25,0.75,30.05,0.023809523809523808,0.86,147.0,0.14285714285714285,505.68,4116.0,294.0,2.0
0.25,0.0,0.25,1.0,29.6,0.023809523809523808,0.86,147.0,0.14285714285714285,505.68,4116.0,294.0,2.0
0.25,0.0,0.25,1.25,28.66,0.023809523809523808,0.86,147.0,0.14285714285714285,505.68,4116.0,294.0,2.0
0.25,0.0,0.25,0.5,26.84,0.02197802197802198,0.82,147.0,0.14285714285714285,502.24999999999994,4287.5,318.5,2.1666666666666665
0.25,0.0,0.25,0.75,27.27,0.02197802197802198,0.82,147.0,0.14285714285714285,502.24999999999994,4287.5,318.5,2.1666666666666665
0.25,0.0,0.25,1.0,26.97,0.02197802197802198,0.82,147.0,0.14285714285714285,502.24999999999994,4287.5,318.5,2.1666666666666665
0.25,0.0,0.25,1.25,26.19,0.02197802197802198,0.82,147.0,0.14285714285714285,502.24999999999994,4287.5,318.5,2.1666666666666665
0.25,0.0,0.25,0.5,38.67,0.02040816326530612,0.79,147.0,0.14285714285714285,503.23,4459.0,343.0,2.3333333333333335
0.25,0.0,0.25,0.75,40.03,0.02040816326530612,0.79,147.0,0.14285714285714285,503.23,4459.0,343.0,2.3333333333333335
0.25,0.0,0.25,1.0,39.86,0.02040816326530612,0.79,147.0,0.14285714285714285,503.23,4459.0,343.0,2.3333333333333335
0.25,0.0,0.25,1.25,39.04,0.02040816326530612,0.79,147.0,0.14285714285714285,503.23,4459.0,343.0,2.3333333333333335
0.25,0.0,0.25,0.5,36.96,0.01680672268907563,0.76,122.5,0.14285714285714285,502.74,4630.5,416.5,3.4
0.25,0.0,0.25,0.75,36.13,0.01680672268907563,0.76,122.5,0.14285714285714285,502.74,4630.5,416.5,3.4
0.25,0.0,0.25,1.0,36.91,0.01680672268907563,0.76,122.5,0.14285714285714285,502.74,4630.5,416.5,3.4
0.25,0.0,0.25,1.25,36.43,0.01680672268907563,0.76,122.5,0.14285714285714285,502.74,4630.5,416.5,3.4
0.25,0.0,0.25,0.5,12.43,0.014285714285714285,0.74,220.5,0.2857142857142857,507.64,2401.0,245.0,1.1111111111111112
0.25,0.0,0.25,0.75,12.5,0.014285714285714285,0.74,220.5,0.2857142857142857,507.64,2401.0,245.0,1.1111111111111112
0.25,0.0,0.25,1.0,12.41,0.014285714285714285,0.74,220.5,0.2857142857142857,507.64,2401.0,245.0,1.1111111111111112
0.25,0.0,0.25,1.25,12.45,0.014285714285714285,0.74,220.5,0.2857142857142857,507.64,2401.0,245.0,1.1111111111111112
0.25,0.0,0.25,0.5,12.57,0.012987012987012988,0.71,220.5,0.2857142857142857,504.455,2486.75,269.5,1.2222222222222223
0.25,0.0,0.25,0.75,12.65,0.012987012987012988,0.71,220.5,0.2857142857142857,504.455,2486.75,269.5,1.2222222222222223
0.25,0.0,0.25,1.0,12.57,0.012987012987012988,0.71,220.5,0.2857142857142857,504.455,2486.75,269.5,1.2222222222222223
0.25,0.0,0.25,1.25,12.63,0.012987012987012988,0.71,220.5,0.2857142857142857,504.455,2486.75,269.5,1.2222222222222223
0.25,0.0,0.25,0.5,12.78,0.011904761904761904,0.69,220.5,0.2857142857142857,507.15,2572.5,294.0,1.3333333333333333
0.25,0.0,0.25,0.75,12.93,0.011904761904761904,0.69,220.5,0.2857142857142857,507.15,2572.5,294.0,1.3333333333333333
0.25,0.0,0.25,1.0,12.73,0.011904761904761904,0.69,220.5,0.2857142857142857,507.15,2572.5,294.0,1.3333333333333333
0.25,0.0,0.25,1.25,12.72,0.011904761904761904,0.69,220.5,0.2857142857142857,507.15,2572.5,294.0,1.3333333333333333
0.25,0.0,0.25,0.5,13.17,0.01098901098901099,0.66,220.5,0.2857142857142857,501.27000000000004,2658.25,318.5,1.4444444444444444
0.25,0.0,0.25,0.75,13.18,0.01098901098901099,0.66,220.5,0.2857142857142857,501.27000000000004,2658.25,318.5,1.4444444444444444
0.25,0.0,0.25,1.0,13.17,0.01098901098901099,0.66,220.5,0.2857142857142857,501.27000000000004,2658.25,318.5,1.4444444444444444
0.25,0.0,0.25,1.25,13.18,0.01098901098901099,0.66,220.5,0.2857142857142857,501.27000000000004,2658.25,318.5,1.4444444444444444
0.25,0.0,0.25,0.5,17.5,0.01020408163265306,0.64,220.5,0.2857142857142857,501.76,2744.0,343.0,1.5555555555555556
0.25,0.0,0.25,0.75,17.35,0.01020408163265306,0.64,220.5,0.2857142857142857,501.76,2744.0,343.0,1.5555555555555556
0.25,0.0,0.25,1.0,17.52,0.01020408163265306,0.64,220.5,0.2857142857142857,501.76,2744.0,343.0,1.5555555555555556
0.25,0.0,0.25,1.25,17.37,0.01020408163265306,0.64,220.5,0.2857142857142857,501.76,2744.0,343.0,1.5555555555555556
0.25,0.0,0.25,0.5,15.09,0.009523809523809525,0.62,220.5,0.2857142857142857,501.27,2829.75,367.5,1.6666666666666667
0.25,0.0,0.25,0.75,15.12,0.009523809523809525,0.62,220.5,0.2857142857142857,501.27,2829.75,367.5,1.6666666666666667
0.25,0.0,0.25,1.0,15.08,0.009523809523809525,0.62,220.5,0.2857142857142857,501.27,2829.75,367.5,1.6666666666666667
0.25,0.0,0.25,1.25,15.16,0.009523809523809525,0.62,220.5,0.2857142857142857,501.27,2829.75,367.5,1.6666666666666667
0.25,0.0,0.5,0.5,28.67,0.023809523809523808,0.98,110.25,0.14285714285714285,504.21,3601.5,294.0,2.6666666666666665
0.25,0.0,0.5,0.75,28.57,0.023809523809523808,0.98,110.25,0.14285714285714285,504.21,3601.5,294.0,2.6666666666666665
0.25,0.0,0.5,1.0,28.18,0.023809523809523808,0.98,110.25,0.14285714285714285,504.21,3601.5,294.0,2.6666666666666665
0.25,0.0,0.5,1.25,28.6,0.023809523809523808,0.98,110.25,0.14285714285714285,504.21,3601.5,294.0,2.6666666666666665
0.25,0.0,0.5,0.5,32.46,0.02197802197802198,0.9,122.5,0.14285714285714285,507.15000000000003,3944.5,318.5,2.6
0.25,0.0,0.5,0.75,33.27,0.02197802197802198,0.9,122.5,0.14285714285714285,507.15000000000003,3944.5,318.5,2.6
0.25,0.0,0.5,1.0,32.33,0.02197802197802198,0.9,122.5,0.14285714285714285,507.15000000000003,3944.5,318.5,2.6
0.25,0.0,0.5,1.25,31.66,0.02197802197802198,0.9,122.5,0.14285714285714285,507.15000000000003,3944.5,318.5,2.6
0.25,0.0,0.5,0.5,29.34,0.023809523809523808,0.86,147.0,0.14285714285714285,505.68,4116.0,294.0,2.0
0.25,0.0,0.5,0.75,29.87,0.023809523809523808,0.86,147.0,0.14285714285714285,505.68,4116.0,294.0,2.0
0.25,0.0,0.5,1.0,29.27,0.023809523809523808,0.86,147.0,0.14285714285714285,505.68,4116.0,294.0,2.0
0.25,0.0,0.5,1.25,28.4,0.023809523809523808,0.86,147.0,0.14285714285714285,505.68,4116.0,294.0,2.0
0.25,0.0,0.5,0.5,25.74,0.02197802197802198,0.82,147.0,0.14285714285714285,502.24999999999994,4287.5,318.5,2.1666666666666665
0.25,0.0,0.5,0.75,25.98,0.02197802197802198,0.82,147.0,0.14285714285714285,502.24999999999994,4287.5,318.5,2.1666666666666665
0.25,0.0,0.5,1.0,25.38,0.02197802197802198,0.82,147.0,0.14285714285714285,502.24999999999994,4287.5,318.5,2.1666666666666665
0.25,0.0,0.5,1.25,24.94,0.02197802197802198,0.82,147.0,0.14285714285714285,502.24999999999994,4287.5,318.5,2.1666666666666665
0.25,0.0,0.5,0.5,38.57,0.02040816326530612,0.79,147.0,0.14285714285714285,503.23,4459.0,343.0,2.3333333333333335
0.25,0.0,0.5,0.75,40.19,0.02040816326530612,0.79,147.0,0.14285714285714285,503.23,4459.0,343.0,2.3333333333333335
0.25,0.0,0.5,1.0,39.97,0.02040816326530612,0.79,147.0,0.14285714285714285,503.23,4459.0,343.0,2.3333333333333335
0.25,0.0,0.5,1.25,38.98,0.02040816326530612,0.79,147.0,0.14285714285714285,503.23,4459.0,343.0,2.3333333333333335
0.25,0.0,0.5,0.5,36.95,0.01680672268907563,0.76,122.5,0.14285714285714285,502.74,4630.5,416.5,3.4
0.25,0.0,0.5,0.75,36.28,0.01680672268907563,0.76,122.5,0.14285714285714285,502.74,4630.5,416.5,3.4
0.25,0.0,0.5,1.0,36.86,0.01680672268907563,0.76,122.5,0.14285714285714285,502.74,4630.5,416.5,3.4
0.25,0.0,0.5,1.25,36.45,0.01680672268907563,0.76,122.5,0.14285714285714285,502.74,4630.5,416.5,3.4
0.25,0.0,0.5,0.5,12.35,0.014285714285714285,0.74,220.5,0.2857142857142857,507.64,2401.0,245.0,1.1111111111111112
0.25,0.0,0.5,0.75,12.45,0.014285714285714285,0.74,220.5,0.2857142857142857,507.64,2401.0,245.0,1.1111111111111112
0.25,0.0,0.5,1.0,12.16,0.014285714285714285,0.74,220.5,0.2857142857142857,507.64,2401.0,245.0,1.1111111111111112
0.25,0.0,0.5,1.25,12.3,0.014285714285714285,0.74,220.5,0.2857142857142857,507.64,2401.0,245.0,1.1111111111111112
0.25,0.0,0.5,0.5,12.33,0.012987012987012988,0.71,220.5,0.2857142857142857,504.455,2486.75,269.5,1.2222222222222223
0.25,0.0,0.5,0.75,12.29,0.012987012987012988,0.71,220.5,0.2857142857142857,504.455,2486.75,269.5,1.2222222222222223
0.25,0.0,0.5,1.0,12.2,0.012987012987012988,0.71,220.5,0.2857142857142857,504.455,2486.75,269.5,1.2222222222222223
0.25,0.0,0.5,1.25,12.49,0.012987012987012988,0.71,220.5,0.2857142857142857,504.455,2486.75,269.5,1.2222222222222223
0.25,0.0,0.5,0.5,12.85,0.011904761904761904,0.69,220.5,0.2857142857142857,507.15,2572.5,294.0,1.3333333333333333
0.25,0.0,0.5,0.75,12.87,0.011904761904761904,0.69,220.5,0.2857142857142857,507.15,2572.5,294.0,1.3333333333333333
0.25,0.0,0.5,1.0,12.73,0.011904761904761904,0.69,220.5,0.2857142857142857,507.15,2572.5,294.0,1.3333333333333333
0.25,0.0,0.5,1.25,12.95,0.011904761904761904,0.69,220.5,0.2857142857142857,507.15,2572.5,294.0,1.3333333333333333
0.25,0.0,0.5,0.5,13.05,0.01098901098901099,0.66,220.5,0.2857142857142857,501.27000000000004,2658.25,318.5,1.4444444444444444
0.25,0.0,0.5,0.75,12.93,0.01098901098901099,0.66,220.5,0.2857142857142857,501.27000000000004,2658.25,318.5,1.4444444444444444
0.25,0.0,0.5,1.0,12.77,0.01098901098901099,0.66,220.5,0.2857142857142857,501.27000000000004,2658.25,318.5,1.4444444444444444
0.25,0.0,0.5,1.25,13.0,0.01098901098901099,0.66,220.5,0.2857142857142857,501.27000000000004,2658.25,318.5,1.4444444444444444
0.25,0.0,0.5,0.5,17.14,0.01020408163265306,0.64,220.5,0.2857142857142857,501.76,2744.0,343.0,1.5555555555555556
0.25,0.0,0.5,0.75,16.84,0.01020408163265306,0.64,220.5,0.2857142857142857,501.76,2744.0,343.0,1.5555555555555556
0.25,0.0,0.5,1.0,17.02,0.01020408163265306,0.64,220.5,0.2857142857142857,501.76,2744.0,343.0,1.5555555555555556
0.25,0.0,0.5,1.25,17.11,0.01020408163265306,0.64,220.5,0.2857142857142857,501.76,2744.0,343.0,1.5555555555555556
0.25,0.0,0.5,0.5,14.34,0.009523809523809525,0.62,220.5,0.2857142857142857,501.27,2829.75,367.5,1.6666666666666667
0.25,0.0,0.5,0.75,14.66,0.009523809523809525,0.62,220.5,0.2857142857142857,501.27,2829.75,367.5,1.6666666666666667
0.25,0.0,0.5,1.0,14.6,0.009523809523809525,0.62,220.5,0.2857142857142857,501.27,2829.75,367.5,1.6666666666666667
0.25,0.0,0.5,1.25,14.6,0.009523809523809525,0.62,220.5,0.2857142857142857,501.27,2829.75,367.5,1.6666666666666667
0.25,0.0,0.75,0.5,28.67,0.023809523809523808,0.98,110.25,0.14285714285714285,504.21,3601.5,294.0,2.6666666666666665
0.25,0.0,0.75,0.75,28.56,0.023809523809523808,0.98,110.25,0.14285714285714285,504.21,3601.5,294.0,2.6666666666666665
0.25,0.0,0.75,1.0,28.17,0.023809523809523808,0.98,110.25,0.14285714285714285,504.21,3601.5,294.0,2.6666666666666665
0.25,0.0,0.75,1.25,28.63,0.023809523809523808,0.98,110.25,0.14285714285714285,504.21,3601.5,294.0,2.6666666666666665
0.25,0.0,0.75,0.5,31.63,0.02197802197802198,0.9,122.5,0.14285714285714285,507.15000000000003,3944.5,318.5,2.6
0.25,0.0,0.75,0.75,32.4,0.02197802197802198,0.9,122.5,0.14285714285714285,507.15000000000003,3944.5,318.5,2.6
0.25,0.0,0.75,1.0,32.68,0.02197802197802198,0.9,122.5,0.14285714285714285,507.15000000000003,3944.5,318.5,2.6
0.25,0.0,0.75,1.25,32.29,0.02197802197802198,0.9,122.5,0.14285714285714285,507.15000000000003,3944.5,318.5,2.6
0.25,0.0,0.75,0.5,28.4,0.023809523809523808,0.86,147.0,0.14285714285714285,505.68,4116.0,294.0,2.0
0.25,0.0,0.75,0.75,29.4,0.023809523809523808,0.86,147.0,0.14285714285714285,505.68,4116.0,294.0,2.0
0.25,0.0,0.75,1.0,29.43,0.023809523809523808,0.86,147.0,0.14285714285714285,505.68,4116.0,294.0,2.0
0.25,0.0,0.75,1.25,29.07,0.023809523809523808,0.86,147.0,0.14285714285714285,505.68,4116.0,294.0,2.0
0.25,0.0,0.75,0.5,24.7,0.02197802197802198,0.82,147.0,0.14285714285714285,502.24999999999994,4287.5,318.5,2.1666666666666665
0.25,0.0,0.75,0.75,25.48,0.02197802197802198,0.82,147.0,0.14285714285714285,502.24999999999994,4287.5,318.5,2.1666666666666665
0.25,0.0,0.75,1.0,25.37,0.02197802197802198,0.82,147.0,0.14285714285714285,502.24999999999994,4287.5,318.5,2.1666666666666665
0.25,0.0,0.75,1.25,25.17,0.02197802197802198,0.82,147.0,0.14285714285714285,502.24999999999994,4287.5,318.5,2.1666666666666665
0.25,0.0,0.75,0.5,39.04,0.02040816326530612,0.79,147.0,0.14285714285714285,503.23,4459.0,343.0,2.3333333333333335
0.25,0.0,0.75,0.75,38.35,0.02040816326530612,0.79,147.0,0.14285714285714285,503.23,4459.0,343.0,2.3333333333333335
0.25,0.0,0.75,1.0,39.81,0.02040816326530612,0.79,147.0,0.14285714285714285,503.23,4459.0,343.0,2.3333333333333335
0.25,0.0,0.75,1.25,39.83,0.02040816326530612,0.79,147.0,0.14285714285714285,503.23,4459.0,343.0,2.3333333333333335
0.25,0.0,0.75,0.5,35.99,0.01680672268907563,0.76,122.5,0.14285714285714285,502.74,4630.5,416.5,3.4
0.25,0.0,0.75,0.75,36.59,0.01680672268907563,0.76,122.5,0.14285714285714285,502.74,4630.5,416.5,3.4
0.25,0.0,0.75,1.0,35.64,0.01680672268907563,0.76,122.5,0.14285714285714285,502.74,4630.5,416.5,3.4
0.25,0.0,0.75,1.25,36.52,0.01680672268907563,0.76,122.5,0.14285714285714285,502.74,4630.5,416.5,3.4
0.25,0.0,0.75,0.5,11.8,0.014285714285714285,0.74,220.5,0.2857142857142857,507.64,2401.0,245.0,1.1111111111111112
0.25,0.0,0.75,0.75,12.03,0.014285714285714285,0.74,220.5,0.2857142857142857,507.64,2401.0,245.0,1.1111111111111112
0.25,0.0,0.75,1.0,11.98,0.014285714285714285,0.74,220.5,0.2857142857142857,507.64,2401.0,245.0,1.1111111111111112
0.25,0.0,0.75,1.25,11.69,0.014285714285714285,0.74,220.5,0.2857142857142857,507.64,2401.0,245.0,1.1111111111111112
0.25,0.0,0.75,0.5,12.41,0.012987012987012988,0.71,220.5,0.2857142857142857,504.455,2486.75,269.5,1.2222222222222223
0.25,0.0,0.75,0.75,12.28,0.012987012987012988,0.71,220.5,0.2857142857142857,504.455,2486.75,269.5,1.2222222222222223
0.25,0.0,0.75,1.0,12.1,0.012987012987012988,0.71,220.5,0.2857142857142857,504.455,2486.75,269.5,1.2222222222222223
0.25,0.0,0.75,1.25,12.19,0.012987012987012988,0.71,220.5,0.2857142857142857,504.455,2486.75,269.5,1.2222222222222223
0.25,0.0,0.75,0.5,12.34,0.011904761904761904,0.69,220.5,0.2857142857142857,507.15,2572.5,294.0,1.3333333333333333
0.25,0.0,0.75,0.75,12.46,0.011904761904761904,0.69,220.5,0.2857142857142857,507.15,2572.5,294.0,1.3333333333333333
0.25,0.0,0.75,1.0,12.31,0.011904761904761904,0.69,220.5,0.2857142857142857,507.15,2572.5,294.0,1.3333333333333333
0.25,0.0,0.75,1.25,12.12,0.011904761904761904,0.69,220.5,0.2857142857142857,507.15,2572.5,294.0,1.3333333333333333
0.25,0.0,0.75,0.5,12.97,0.01098901098901099,0.66,220.5,0.2857142857142857,501.27000000000004,2658.25,318.5,1.4444444444444444
0.25,0.0,0.75,0.75,13.01,0.01098901098901099,0.66,220.5,0.2857142857142857,501.27000000000004,2658.25,318.5,1.4444444444444444
0.25,0.0,0.75,1.0,12.74,0.01098901098901099,0.66,220.5,0.2857142857142857,501.27000000000004,2658.25,318.5,1.4444444444444444
0.25,0.0,0.75,1.25,12.84,0.01098901098901099,0.66,220.5,0.2857142857142857,501.27000000000004,2658.25,318.5,1.4444444444444444
0.25,0.0,0.75,0.5,16.83,0.01020408163265306,0.64,220.5,0.2857142857142857,501.76,2744.0,343.0,1.5555555555555556
0.25,0.0,0.75,0.75,16.93,0.01020408163265306,0.64,220.5,0.2857142857142857,501.76,2744.0,343.0,1.5555555555555556
0.25,0.0,0.75,1.0,16.66,0.01020408163265306,0.64,220.5,0.2857142857142857,501.76,2744.0,343.0,1.5555555555555556
0.25,0.0,0.75,1.25,16.86,0.01020408163265306,0.64,220.5,0.2857142857142857,501.76,2744.0,343.0,1.5555555555555556
0.25,0.0,0.75,0.5,13.91,0.009523809523809525,0.62,220.5,0.2857142857142857,501.27,2829.75,367.5,1.6666666666666667
0.25,0.0,0.75,0.75,14.34,0.009523809523809525,0.62,220.5,0.2857142857142857,501.27,2829.75,367.5,1.6666666666666667
0.25,0.0,0.75,1.0,13.95,0.009523809523809525,0.62,220.5,0.2857142857142857,501.27,2829.75,367.5,1.6666666666666667
0.25,0.0,0.75,1.25,13.99,0.009523809523809525,0.62,220.5,0.2857142857142857,501.27,2829.75,367.5,1.6666666666666667
0.25,0.0,1.0,0.5,28.7,0.023809523809523808,0.98,110.25,0.14285714285714285,504.21,3601.5,294.0,2.6666666666666665
0.25,0.0,1.0,0.75,28.55,0.023809523809523808,0.98,110.25,0.14285714285714285,504.21,3601.5,294.0,2.6666666666666665
0.25,0.0,1.0,1.0,28.15,0.023809523809523808,0.98,110.25,0.14285714285714285,504.21,3601.5,294.0,2.6666666666666665
0.25,0.0,1.0,1.25,28.62,0.023809523809523808,0.98,110.25,0.14285714285714285,504.21,3601.5,294.0,2.6666666666666665
0.25,0.0,1.0,0.5,32.67,0.02197802197802198,0.9,122.5,0.14285714285714285,507.15000000000003,3944.5,318.5,2.6
0.25,0.0,1.0,0.75,31.69,0.02197802197802198,0.9,122.5,0.14285714285714285,507.15000000000003,3944.5,318.5,2.6
0.25,0.0,1.0,1.0,32.07,0.02197802197802198,0.9,122.5,0.14285714285714285,507.15000000000003,3944.5,318.5,2.6
0.25,0.0,1.0,1.25,33.28,0.02197802197802198,0.9,122.5,0.14285714285714285,507.15000000000003,3944.5,318.5,2.6
0.25,0.0,1.0,0.5,29.47,0.023809523809523808,0.86,147.0,0.14285714285714285,505.68,4116.0,294.0,2.0
0.25,0.0,1.0,0.75,28.42,0.023809523809523808,0.86,147.0,0.14285714285714285,505.68,4116.0,294.0,2.0
0.25,0.0,1.0,1.0,29.08,0.023809523809523808,0.86,147.0,0.14285714285714285,505.68,4116.0,294.0,2.0
0.25,0.0,1.0,1.25,29.88,0.023809523809523808,0.86,147.0,0.14285714285714285,505.68,4116.0,294.0,2.0
0.25,0.0,1.0,0.5,25.66,0.02197802197802198,0.82,147.0,0.14285714285714285,502.24999999999994,4287.5,318.5,2.1666666666666665
0.25,0.0,1.0,0.75,24.96,0.02197802197802198,0.82,147.0,0.14285714285714285,502.24999999999994,4287.5,318.5,2.1666666666666665
0.25,0.0,1.0,1.0,25.43,0.02197802197802198,0.82,147.0,0.14285714285714285,502.24999999999994,4287.5,318.5,2.1666666666666665
0.25,0.0,1.0,1.25,26.0,0.02197802197802198,0.82,147.0,0.14285714285714285,502.24999999999994,4287.5,318.5,2.1666666666666665
0.25,0.0,1.0,0.5,40.0,0.02040816326530612,0.79,147.0,0.14285714285714285,503.23,4459.0,343.0,2.3333333333333335
0.25,0.0,1.0,0.75,38.84,0.02040816326530612,0.79,147.0,0.14285714285714285,503.23,4459.0,343.0,2.3333333333333335
0.25,0.0,1.0,1.0,38.33,0.02040816326530612,0.79,147.0,0.14285714285714285,503.23,4459.0,343.0,2.3333333333333335
0.25,0.0,1.0,1.25,40.12,0.02040816326530612,0.79,147.0,0.14285714285714285,503.23,4459.0,343.0,2.3333333333333335
0.25,0.0,1.0,0.5,36.95,0.01680672268907563,0.76,122.5,0.14285714285714285,502.74,4630.5,416.5,3.4
0.25,0.0,1.0,0.75,36.45,0.01680672268907563,0.76,122.5,0.14285714285714285,502.74,4630.5,416.5,3.4
0.25,0.0,1.0,1.0,36.81,0.01680672268907563,0.76,122.5,0.14285714285714285,502.74,4630.5,416.5,3.4
0.25,0.0,1.0,1.25,36.26,0.01680672268907563,0.76,122.5,0.14285714285714285,502.74,4630.5,416.5,3.4
0.25,0.0,1.0,0.5,12.32,0.014285714285714285,0.74,220.5,0.2857142857142857,507.64,2401.0,245.0,1.1111111111111112
0.25,0.0,1.0,0.75,12.3,0.014285714285714285,0.74,220.5,0.2857142857142857,507.64,2401.0,245.0,1.1111111111111112
0.25,0.0,1.0,1.0,12.18,0.014285714285714285,0.74,220.5,0.2857142857142857,507.64,2401.0,245.0,1.1111111111111112
0.25,0.0,1.0,1.25,12.43,0.014285714285714285,0.74,220.5,0.2857142857142857,507.64,2401.0,245.0,1.1111111111111112
0.25,0.0,1.0,0.5,12.36,0.012987012987012988,0.71,220.5,0.2857142857142857,504.455,2486.75,269.5,1.2222222222222223
0.25,0.0,1.0,0.75,12.49,0.012987012987012988,0.71,220.5,0.2857142857142857,504.455,2486.75,269.5,1.2222222222222223
0.25,0.0,1.0,1.0,12.17,0.012987012987012988,0.71,220.5,0.2857142857142857,504.455,2486.75,269.5,1.2222222222222223
0.25,0.0,1.0,1.25,12.28,0.012987012987012988,0.71,220.5,0.2857142857142857,504.455,2486.75,269.5,1.2222222222222223
0.25,0.0,1.0,0.5,12.91,0.011904761904761904,0.69,220.5,0.2857142857142857,507.15,2572.5,294.0,1.3333333333333333
0.25,0.0,1.0,0.75,12.95,0.011904761904761904,0.69,220.5,0.2857142857142857,507.15,2572.5,294.0,1.3333333333333333
0.25,0.0,1.0,1.0,12.67,0.011904761904761904,0.69,220.5,0.2857142857142857,507.15,2572.5,294.0,1.3333333333333333
0.25,0.0,1.0,1.25,12.86,0.011904761904761904,0.69,220.5,0.2857142857142857,507.15,2572.5,294.0,1.3333333333333333
0.25,0.0,1.0,0.5,12.95,0.01098901098901099,0.66,220.5,0.2857142857142857,501.27000000000004,2658.25,318.5,1.4444444444444444
0.25,0.0,1.0,0.75,13.0,0.01098901098901099,0.66,220.5,0.2857142857142857,501.27000000000004,2658.25,318.5,1.4444444444444444
0.25,0.0,1.0,1.0,12.86,0.01098901098901099,0.66,220.5,0.2857142857142857,501.27000000000004,2658.25,318.5,1.4444444444444444
0.25,0.0,1.0,1.25,12.92,0.01098901098901099,0.66,220.5,0.2857142857142857,501.27000000000004,2658.25,318.5,1.4444444444444444
0.25,0.0,1.0,0.5,16.99,0.01020408163265306,0.64,220.5,0.2857142857142857,501.76,2744.0,343.0,1.5555555555555556
0.25,0.0,1.0,0.75,16.69,0.01020408163265306,0.64,220.5,0.2857142857142857,501.76,2744.0,343.0,1.5555555555555556
0.25,0.0,1.0,1.0,16.56,0.01020408163265306,0.64,220.5,0.2857142857142857,501.76,2744.0,343.0,1.5555555555555556
0.25,0.0,1.0,1.25,16.62,0.01020408163265306,0.64,220.5,0.2857142857142857,501.76,2744.0,343.0,1.5555555555555556
0.25,0.0,1.0,0.5,14.33,0.009523809523809525,0.62,220.5,0.2857142857142857,501.27,2829.75,367.5,1.6666666666666667
0.25,0.0,1.0,0.75,14.61,0.009523809523809525,0.62,220.5,0.2857142857142857,501.27,2829.75,367.5,1.6666666666666667
0.25,0.0,1.0,1.0,14.61,0.009523809523809525,0.62,220.5,0.2857142857142857,501.27,2829.75,367.5,1.6666666666666667
0.25,0.0,1.0,1.25,14.65,0.009523809523809525,0.62,220.5,0.2857142857142857,501.27,2829.75,367.5,1.6666666666666667
0.25,0.0,1.25,0.5,28.69,0.023809523809523808,0.98,110.25,0.14285714285714285,504.21,3601.5,294.0,2.6666666666666665
0.25,0.0,1.25,0.75,28.58,0.023809523809523808,0.98,110.25,0.14285714285714285,504.21,3601.5,294.0,2.6666666666666665
0.25,0.0,1.25,1.0,28.15,0.023809523809523808,0.98,110.25,0.14285714285714285,504.21,3601.5,294.0,2.6666666666666665
0.25,0.0,1.25,1.25,28.61,0.023809523809523808,0.98,110.25,0.14285714285714285,504.21,3601.5,294.0,2.6666666666666665
0.25,0.0,1.25,0.5,33.13,0.02197802197802198,0.9,122.5,0.14285714285714285,507.15000000000003,3944.5,318.5,2.6
0.25,0.0,1.25,0.75,32.31,0.02197802197802198,0.9,122.5,0.14285714285714285,507.15000000000003,3944.5,318.5,2.6
0.25,0.0,1.25,1.0,31.53,0.02197802197802198,0.9,122.5,0.14285714285714285,507.15000000000003,3944.5,318.5,2.6
0.25,0.0,1.25,1.25,32.46,0.02197802197802198,0.9,122.5,0.14285714285714285,507.15000000000003,3944.5,318.5,2.6
0.25,0.0,1.25,0.5,29.71,0.023809523809523808,0.86,147.0,0.14285714285714285,505.68,4116.0,294.0,2.0
0.25,0.0,1.25,0.75,29.09,0.023809523809523808,0.86,147.0,0.14285714285714285,505.68,4116.0,294.0,2.0
0.25,0.0,1.25,1.0,28.31,0.023809523809523808,0.86,147.0,0.14285714285714285,505.68,4116.0,294.0,2.0
0.25,0.0,1.25,1.25,29.39,0.023809523809523808,0.86,147.0,0.14285714285714285,505.68,4116.0,294.0,2.0
0.25,0.0,1.25,0.5,25.7,0.02197802197802198,0.82,147.0,0.14285714285714285,502.24999999999994,4287.5,318.5,2.1666666666666665
0.25,0.0,1.25,0.75,25.17,0.02197802197802198,0.82,147.0,0.14285714285714285,502.24999999999994,4287.5,318.5,2.1666666666666665
0.25,0.0,1.25,1.0,24.6,0.02197802197802198,0.82,147.0,0.14285714285714285,502.24999999999994,4287.5,318.5,2.1666666666666665
0.25,0.0,1.25,1.25,25.49,0.02197802197802198,0.82,147.0,0.14285714285714285,502.24999999999994,4287.5,318.5,2.1666666666666665
0.25,0.0,1.25,0.5,39.89,0.02040816326530612,0.79,147.0,0.14285714285714285,503.23,4459.0,343.0,2.3333333333333335
0.25,0.0,1.25,0.75,39.83,0.02040816326530612,0.79,147.0,0.14285714285714285,503.23,4459.0,343.0,2.3333333333333335
0.25,0.0,1.25,1.0,39.01,0.02040816326530612,0.79,147.0,0.14285714285714285,503.23,4459.0,343.0,2.3333333333333335
0.25,0.0,1.25,1.25,38.65,0.02040816326530612,0.79,147.0,0.14285714285714285,503.23,4459.0,343.0,2.3333333333333335
0.25,0.0,1.25,0.5,35.69,0.01680672268907563,0.76,122.5,0.14285714285714285,502.74,4630.5,416.5,3.4
0.25,0.0,1.25,0.75,36.64,0.01680672268907563,0.76,122.5,0.14285714285714285,502.74,4630.5,416.5,3.4
0.25,0.0,1.25,1.0,36.06,0.01680672268907563,0.76,122.5,0.14285714285714285,502.74,4630.5,416.5,3.4
0.25,0.0,1.25,1.25,36.7,0.01680672268907563,0.76,122.5,0.14285714285714285,502.74,4630.5,416.5,3.4
0.25,0.0,1.25,0.5,12.12,0.014285714285714285,0.74,220.5,0.2857142857142857,507.64,2401.0,245.0,1.1111111111111112
0.25,0.0,1.25,0.75,11.67,0.014285714285714285,0.74,220.5,0.2857142857142857,507.64,2401.0,245.0,1.1111111111111112
0.25,0.0,1.25,1.0,11.64,0.014285714285714285,0.74,220.5,0.2857142857142857,507.64,2401.0,245.0,1.1111111111111112
0.25,0.0,1.25,1.25,12.02,0.014285714285714285,0.74,220.5,0.2857142857142857,507.64,2401.0,245.0,1.1111111111111112
0.25,0.0,1.25,0.5,12.27,0.012987012987012988,0.71,220.5,0.2857142857142857,504.455,2486.75,269.5,1.2222222222222223
0.25,0.0,1.25,0.75,12.19,0.012987012987012988,0.71,220.5,0.2857142857142857,504.455,2486.75,269.5,1.2222222222222223
0.25,0.0,1.25,1.0,12.25,0.012987012987012988,0.71,220.5,0.2857142857142857,504.455,2486.75,269.5,1.2222222222222223
0.25,0.0,1.25,1.25,12.27,0.012987012987012988,0.71,220.5,0.2857142857142857,504.455,2486.75,269.5,1.2222222222222223
0.25,0.0,1.25,0.5,12.47,0.011904761904761904,0.69,220.5,0.2857142857142857,507.15,2572.5,294.0,1.3333333333333333
0.25,0.0,1.25,0.75,12.12,0.011904761904761904,0.69,220.5,0.2857142857142857,507.15,2572.5,294.0,1.3333333333333333
0.25,0.0,1.25,1.0,12.18,0.011904761904761904,0.69,220.5,0.2857142857142857,507.15,2572.5,294.0,1.3333333333333333
0.25,0.0,1.25,1.25,12.47,0.011904761904761904,0.69,220.5,0.2857142857142857,507.15,2572.5,294.0,1.3333333333333333
0.25,0.0,1.25,0.5,12.93,0.01098901098901099,0.66,220.5,0.2857142857142857,501.27000000000004,2658.25,318.5,1.4444444444444444
0.25,0.0,1.25,0.75,12.82,0.01098901098901099,0.66,220.5,0.2857142857142857,501.27000000000004,2658.25,318.5,1.4444444444444444
0.25,0.0,1.25,1.0,12.78,0.01098901098901099,0.66,220.5,0.2857142857142857,501.27000000000004,2658.25,318.5,1.4444444444444444
0.25,0.0,1.25,1.25,13.02,0.01098901098901099,0.66,220.5,0.2857142857142857,501.27000000000004,2658.25,318.5,1.4444444444444444
0.25,0.0,1.25,0.5,16.73,0.01020408163265306,0.64,220.5,0.2857142857142857,501.76,2744.0,343.0,1.5555555555555556
0.25,0.0,1.25,0.75,16.86,0.01020408163265306,0.64,220.5,0.2857142857142857,501.76,2744.0,343.0,1.5555555555555556
0.25,0.0,1.25,1.0,16.76,0.01020408163265306,0.64,220.5,0.2857142857142857,501.76,2744.0,343.0,1.5555555555555556
0.25,0.0,1.25,1.25,16.92,0.01020408163265306,0.64,220.5,0.2857142857142857,501.76,2744.0,343.0,1.5555555555555556
0.25,0.0,1.25,0.5,13.68,0.009523809523809525,0.62,220.5,0.2857142857142857,501.27,2829.75,367.5,1.6666666666666667
0.25,0.0,1.25,0.75,13.99,0.009523809523809525,0.62,220.5,0.2857142857142857,501.27,2829.75,367.5,1.6666666666666667
0.25,0.0,1.25,1.0,14.16,0.009523809523809525,0.62,220.5,0.2857142857142857,501.27,2829.75,367.5,1.6666666666666667
0.25,0.0,1.25,1.25,13.86,0.009523809523809525,0.62,220.5,0.2857142857142857,501.27,2829.75,367.5,1.6666666666666667
0.4,0.0,0.4,0.8,32.26,0.023809523809523808,0.98,110.25,0.14285714285714285,504.21,3601.5,294.0,2.6666666666666665
0.4,0.0,0.4,1.2000000000000002,32.26,0.023809523809523808,0.98,110.25,0.14285714285714285,504.21,3601.5,294.0,2.6666666666666665
0.4,0.0,0.4,1.6,32.49,0.023809523809523808,0.98,110.25,0.14285714285714285,504.21,3601.5,294.0,2.6666666666666665
0.4,0.0,0.4,2.0,32.53,0.023809523809523808,0.98,110.25,0.14285714285714285,504.21,3601.5,294.0,2.6666666666666665
0.4,0.0,0.4,0.8,36.47,0.02197802197802198,0.9,122.5,0.14285714285714285,507.15000000000003,3944.5,318.5,2.6
0.4,0.0,0.4,1.2000000000000002,37.24,0.02197802197802198,0.9,122.5,0.14285714285714285,507.15000000000003,3944.5,318.5,2.6
0.4,0.0,0.4,1.6,36.66,0.02197802197802198,0.9,122.5,0.14285714285714285,507.15000000000003,3944.5,318.5,2.6
0.4,0.0,0.4,2.0,35.96,0.02197802197802198,0.9,122.5,0.14285714285714285,507.15000000000003,3944.5,318.5,2.6
0.4,0.0,0.4,0.8,31.89,0.023809523809523808,0.86,147.0,0.14285714285714285,505.68,4116.0,294.0,2.0
0.4,0.0,0.4,1.2000000000000002,32.39,0.023809523809523808,0.86,147.0,0.14285714285714285,505.68,4116.0,294.0,2.0
0.4,0.0,0.4,1.6,32.09,0.023809523809523808,0.86,147.0,0.14285714285714285,505.68,4116.0,294.0,2.0
0.4,0.0,0.4,2.0,31.29,0.023809523809523808,0.86,147.0,0.14285714285714285,505.68,4116.0,294.0,2.0
0.4,0.0,0.4,0.8,29.22,0.02197802197802198,0.82,147.0,0.14285714285714285,502.24999999999994,4287.5,318.5,2.1666666666666665
0.4,0.0,0.4,1.2000000000000002,29.91,0.02197802197802198,0.82,147.0,0.14285714285714285,502.24999999999994,4287.5,318.5,2.1666666666666665
0.4,0.0,0.4,1.6,29.53,0.02197802197802198,0.82,147.0,0.14285714285714285,502.24999999999994,4287.5,318.5,2.1666666666666665
0.4,0.0,0.4,2.0,28.65,0.02197802197802198,0.82,147.0,0.14285714285714285,502.24999999999994,4287.5,318.5,2.1666666666666665
0.4,0.0,0.4,0.8,41.4,0.02040816326530612,0.79,147.0,0.14285714285714285,503.23,4459.0,343.0,2.3333333333333335
0.4,0.0,0.4,1.2000000000000002,42.62,0.02040816326530612,0.79,147.0,0.14285714285714285,503.23,4459.0,343.0,2.3333333333333335
0.4,0.0,0.4,1.6,42.5,0.02040816326530612,0.79,147.0,0.14285714285714285,503.23,4459.0,343.0,2.3333333333333335
0.4,0.0,0.4,2.0,41.67,0.02040816326530612,0.79,147.0,0.14285714285714285,503.23,4459.0,343.0,2.3333333333333335
0.4,0.0,0.4,0.8,40.78,0.01680672268907563,0.76,122.5,0.14285714285714285,502.74,4630.5,416.5,3.4
0.4,0.0,0.4,1.2000000000000002,39.97,0.01680672268907563,0.76,122.5,0.14285714285714285,502.74,4630.5,416.5,3.4
0.4,0.0,0.4,1.6,40.71,0.01680672268907563,0.76,122.5,0.14285714285714285,502.74,4630.5,416.5,3.4
0.4,0.0,0.4,2.0,40.43,0.01680672268907563,0.76,122.5,0.14285714285714285,502.74,4630.5,416.5,3.4
0.4,0.0,0.4,0.8,14.52,0.014285714285714285,0.74,220.5,0.2857142857142857,507.64,2401.0,245.0,1.1111111111111112
0.4,0.0,0.4,1.2000000000000002,14.61,0.014285714285714285,0.74,220.5,0.2857142857142857,507.64,2401.0,245.0,1.1111111111111112
0.4,0.0,0.4,1.6,14.5,0.014285714285714285,0.74,220.5,0.2857142857142857,507.64,2401.0,245.0,1.1111111111111112
0.4,0.0,0.4,2.0,14.55,0.014285714285714285,0.74,220.5,0.2857142857142857,507.64,2401.0,245.0,1.1111111111111112
0.4,0.0,0.4,0.8,14.51,0.012987012987012988,0.71,220.5,0.2857142857142857,504.455,2486.75,269.5,1.2222222222222223
0.4,0.0,0.4,1.2000000000000002,14.6,0.012987012987012988,0.71,220.5,0.2857142857142857,504.455,2486.75,269.5,1.2222222222222223
0.4,0.0,0.4,1.6,14.5,0.012987012987012988,0.71,220.5,0.2857142857142857,504.455,2486.75,269.5,1.2222222222222223
0.4,0.0,0.4,2.0,14.58,0.012987012987012988,0.71,220.5,0.2857142857142857,504.455,2486.75,269.5,1.2222222222222223
0.4,0.0,0.4,0.8,14.51,0.011904761904761904,0.69,220.5,0.2857142857142857,507.15,2572.5,294.0,1.3333333333333333
0.4,0.0,0.4,1.2000000000000002,14.7,0.011904761904761904,0.69,220.5,0.2857142857142857,507.15,2572.5,294.0,1.3333333333333333
0.4,0.0,0.4,1.6,14.42,0.011904761904761904,0.69,220.5,0.2857142857142857,507.15,2572.5,294.0,1.3333333333333333
0.4,0.0,0.4,2.0,14.42,0.011904761904761904,0.69,220.5,0.2857142857142857,507.15,2572.5,294.0,1.3333333333333333
0.4,0.0,0.4,0.8,15.23,0.01098901098901099,0.66,220.5,0.2857142857142857,501.27000000000004,2658.25,318.5,1.4444444444444444
0.4,0.0,0.4,1.2000000000000002,15.23,0.01098901098901099,0.66,220.5,0.2857142857142857,501.27000000000004,2658.25,318.5,1.4444444444444444
0.4,0.0,0.4,1.6,15.23,0.01098901098901099,0.66,220.5,0.2857142857142857,501.27000000000004,2658.25,318.5,1.4444444444444444
0.4,0.0,0.4,2.0,15.23,0.01098901098901099,0.66,220.5,0.2857142857142857,501.27000000000004,2658.25,318.5,1.4444444444444444
0.4,0.0,0.4,0.8,19.52,0.01020408163265306,0.64,220.5,0.2857142857142857,501.76,2744.0,343.0,1.5555555555555556
0.4,0.0,0.4,1.2000000000000002,19.36,0.01020408163265306,0.64,220.5,0.2857142857142857,501.76,2744.0,343.0,1.5555555555555556
0.4,0.0,0.4,1.6,19.48,0.01020408163265306,0.64,220.5,0.2857142857142857,501.76,2744.0,343.0,1.5555555555555556
0.4,0.0,0.4,2.0,19.42,0.01020408163265306,0.64,220.5,0.2857142857142857,501.76,2744.0,343.0,1.5555555555555556
0.4,0.0,0.4,0.8,15.09,0.009523809523809525,0.62,220.5,0.2857142857142857,501.27,2829.75,367.5,1.6666666666666667
0.4,0.0,0.4,1.2000000000000002,17.17,0.009523809523809525,0.62,220.5,0.2857142857142857,501.27,2829.75,367.5,1.6666666666666667
0.4,0.0,0.4,1.6,17.14,0.009523809523809525,0.62,220.5,0.2857142857142857,501.27,2829.75,367.5,1.6666666666666667
0.4,0.0,0.4,2.0,17.14,0.009523809523809525,0.62,220.5,0.2857142857142857,501.27,2829.75,367.5,1.6666666666666667
0.4,0.0,0.8,0.8,32.82,0.023809523809523808,0.98,110.25,0.14285714285714285,504.21,3601.5,294.0,2.6666666666666665
0.4,0.0,0.8,1.2000000000000002,32.71,0.023809523809523808,0.98,110.25,0.14285714285714285,504.21,3601.5,294.0,2.6666666666666665
0.4,0.0,0.8,1.6,32.24,0.023809523809523808,0.98,110.25,0.14285714285714285,504.21,3601.5,294.0,2.6666666666666665
0.4,0.0,0.8,2.0,32.72,0.023809523809523808,0.98,110.25,0.14285714285714285,504.21,3601.5,294.0,2.6666666666666665
0.4,0.0,0.8,0.8,35.84,0.02197802197802198,0.9,122.5,0.14285714285714285,507.15000000000003,3944.5,318.5,2.6
0.4,0.0,0.8,1.2000000000000002,36.57,0.02197802197802198,0.9,122.5,0.14285714285714285,507.15000000000003,3944.5,318.5,2.6
0.4,0.0,0.8,1.6,36.06,0.02197802197802198,0.9,122.5,0.14285714285714285,507.15000000000003,3944.5,318.5,2.6
0.4,0.0,0.8,2.0,35.69,0.02197802197802198,0.9,122.5,0.14285714285714285,507.15000000000003,3944.5,318.5,2.6
0.4,0.0,0.8,0.8,32.48,0.023809523809523808,0.86,147.0,0.14285714285714285,505.68,4116.0,294.0,2.0
0.4,0.0,0.8,1.2000000000000002,32.74,0.023809523809523808,0.86,147.0,0.14285714285714285,505.68,4116.0,294.0,2.0
0.4,0.0,0.8,1.6,32.13,0.023809523809523808,0.86,147.0,0.14285714285714285,505.68,4116.0,294.0,2.0
0.4,0.0,0.8,2.0,31.64,0.023809523809523808,0.86,147.0,0.14285714285714285,505.68,4116.0,294.0,2.0
0.4,0.0,0.8,0.8,28.95,0.02197802197802198,0.82,147.0,0.14285714285714285,502.24999999999994,4287.5,318.5,2.1666666666666665
0.4,0.0,0.8,1.2000000000000002,29.49,0.02197802197802198,0.82,147.0,0.14285714285714285,502.24999999999994,4287.5,318.5,2.1666666666666665
0.4,0.0,0.8,1.6,28.64,0.02197802197802198,0.82,147.0,0.14285714285714285,502.24999999999994,4287.5,318.5,2.1666666666666665
0.4,0.0,0.8,2.0,28.01,0.02197802197802198,0.82,147.0,0.14285714285714285,502.24999999999994,4287.5,318.5,2.1666666666666665
0.4,0.0,0.8,0.8,41.64,0.02040816326530612,0.79,147.0,0.14285714285714285,503.23,4459.0,343.0,2.3333333333333335
0.4,0.0,0.8,1.2000000000000002,43.1,0.02040816326530612,0.79,147.0,0.14285714285714285,503.23,4459.0,343.0,2.3333333333333335
0.4,0.0,0.8,1.6,42.74,0.02040816326530612,0.79,147.0,0.14285714285714285,503.23,4459.0,343.0,2.3333333333333335
0.4,0.0,0.8,2.0,41.92,0.02040816326530612,0.79,147.0,0.14285714285714285,503.23,4459.0,343.0,2.3333333333333335
0.4,0.0,0.8,0.8,40.78,0.01680672268907563,0.76,122.5,0.14285714285714285,502.74,4630.5,416.5,3.4
0.4,0.0,0.8,1.2000000000000002,40.15,0.01680672268907563,0.76,122.5,0.14285714285714285,502.74,4630.5,416.5,3.4
0.4,0.0,0.8,1.6,40.57,0.01680672268907563,0.76,122.5,0.14285714285714285,502.74,4630.5,416.5,3.4
0.4,0.0,0.8,2.0,40.42,0.01680672268907563,0.76,122.5,0.14285714285714285,502.74,4630.5,416.5,3.4
0.4,0.0,0.8,0.8,14.54,0.014285714285714285,0.74,220.5,0.2857142857142857,507.64,2401.0,245.0,1.1111111111111112
0.4,0.0,0.8,1.2000000000000002,14.45,0.014285714285714285,0.74,220.5,0.2857142857142857,507.64,2401.0,245.0,1.1111111111111112
0.4,0.0,0.8,1.6,14.18,0.014285714285714285,0.74,220.5,0.2857142857142857,507.64,2401.0,245.0,1.1111111111111112
0.4,0.0,0.8,2.0,14.5,0.014285714285714285,0.74,220.5,0.2857142857142857,507.64,2401.0,245.0,1.1111111111111112
0.4,0.0,0.8,0.8,14.7,0.012987012987012988,0.71,220.5,0.2857142857142857,504.455,2486.75,269.5,1.2222222222222223
0.4,0.0,0.8,1.2000000000000002,14.66,0.012987012987012988,0.71,220.5,0.2857142857142857,504.455,2486.75,269.5,1.2222222222222223
0.4,0.0,0.8,1.6,14.4,0.012987012987012988,0.71,220.5,0.2857142857142857,504.455,2486.75,269.5,1.2222222222222223
0.4,0.0,0.8,2.0,14.71,0.012987012987012988,0.71,220.5,0.2857142857142857,504.455,2486.75,269.5,1.2222222222222223
0.4,0.0,0.8,0.8,14.75,0.011904761904761904,0.69,220.5,0.2857142857142857,507.15,2572.5,294.0,1.3333333333333333
0.4,0.0,0.8,1.2000000000000002,14.71,0.011904761904761904,0.69,220.5,0.2857142857142857,507.15,2572.5,294.0,1.3333333333333333
0.4,0.0,0.8,1.6,14.33,0.011904761904761904,0.69,220.5,0.2857142857142857,507.15,2572.5,294.0,1.3333333333333333
0.4,0.0,0.8,2.0,14.62,0.011904761904761904,0.69,220.5,0.2857142857142857,507.15,2572.5,294.0,1.3333333333333333
0.4,0.0,0.8,0.8,15.34,0.01098901098901099,0.66,220.5,0.2857142857142857,501.27000000000004,2658.25,318.5,1.4444444444444444
0.4,0.0,0.8,1.2000000000000002,15.29,0.01098901098901099,0.66,220.5,0.2857142857142857,501.27000000000004,2658.25,318.5,1.4444444444444444
0.4,0.0,0.8,1.6,15.09,0.01098901098901099,0.66,220.5,0.2857142857142857,501.27000000000004,2658.25,318.5,1.4444444444444444
0.4,0.0,0.8,2.0,15.3,0.01098901098901099,0.66,220.5,0.2857142857142857,501.27000000000004,2658.25,318.5,1.4444444444444444
0.4,0.0,0.8,0.8,19.2,0.01020408163265306,0.64,220.5,0.2857142857142857,501.76,2744.0,343.0,1.5555555555555556
0.4,0.0,0.8,1.2000000000000002,18.88,0.01020408163265306,0.64,220.5,0.2857142857142857,501.76,2744.0,343.0,1.5555555555555556
0.4,0.0,0.8,1.6,18.9,0.01020408163265306,0.64,220.5,0.2857142857142857,501.76,2744.0,343.0,1.5555555555555556
0.4,0.0,0.8,2.0,19.12,0.01020408163265306,0.64,220.5,0.2857142857142857,501.76,2744.0,343.0,1.5555555555555556
0.4,0.0,0.8,0.8,16.76,0.009523809523809525,0.62,220.5,0.2857142857142857,501.27,2829.75,367.5,1.6666666666666667
0.4,0.0,0.8,1.2000000000000002,17.23,0.009523809523809525,0.62,220.5,0.2857142857142857,501.27,2829.75,367.5,1.6666666666666667
0.4,0.0,0.8,1.6,17.26,0.009523809523809525,0.62,220.5,0.2857142857142857,501.27,2829.75,367.5,1.6666666666666667
0.4,0.0,0.8,2.0,17.15,0.009523809523809525,0.62,220.5,0.2857142857142857,501.27,2829.75,367.5,1.6666666666666667
0.4,0.0,1.2000000000000002,0.8,32.82,0.023809523809523808,0.98,110.25,0.14285714285714285,504.21,3601.5,294.0,2.6666666666666665
0.4,0.0,1.2000000000000002,1.2000000000000002,32.69,0.023809523809523808,0.98,110.25,0.14285714285714285,504.21,3601.5,294.0,2.6666666666666665
0.4,0.0,1.2000000000000002,1.6,32.23,0.023809523809523808,0.98,110.25,0.14285714285714285,504.21,3601.5,294.0,2.6666666666666665
0.4,0.0,1.2000000000000002,2.0,32.75,0.023809523809523808,0.98,110.25,0.14285714285714285,504.21,3601.5,294.0,2.6666666666666665
0.4,0.0,1.2000000000000002,0.8,34.24,0.02197802197802198,0.9,122.5,0.14285714285714285,507.15000000000003,3944.5,318.5,2.6
0.4,0.0,1.2000000000000002,1.2000000000000002,34.95,0.02197802197802198,0.9,122.5,0.14285714285714285,507.15000000000003,3944.5,318.5,2.6
0.4,0.0,1.2000000000000002,1.6,35.05,0.02197802197802198,0.9,122.5,0.14285714285714285,507.15000000000003,3944.5,318.5,2.6
0.4,0.0,1.2000000000000002,2.0,34.29,0.02197802197802198,0.9,122.5,0.14285714285714285,507.15000000000003,3944.5,318.5,2.6
0.4,0.0,1.2000000000000002,0.8,31.28,0.023809523809523808,0.86,147.0,0.14285714285714285,505.68,4116.0,294.0,2.0
0.4,0.0,1.2000000000000002,1.2000000000000002,32.12,0.023809523809523808,0.86,147.0,0.14285714285714285,505.68,4116.0,294.0,2.0
0.4,0.0,1.2000000000000002,1.6,32.05,0.023809523809523808,0.86,147.0,0.14285714285714285,505.68,4116.0,294.0,2.0
0.4,0.0,1.2000000000000002,2.0,31.84,0.023809523809523808,0.86,147.0,0.14285714285714285,505.68,4116.0,294.0,2.0
0.4,0.0,1.2000000000000002,0.8,28.67,0.02197802197802198,0.82,147.0,0.14285714285714285,502.24999999999994,4287.5,318.5,2.1666666666666665
0.4,0.0,1.2000000000000002,1.2000000000000002,29.67,0.02197802197802198,0.82,147.0,0.14285714285714285,502.24999999999994,4287.5,318.5,2.1666666666666665
0.4,0.0,1.2000000000000002,1.6,29.47,0.02197802197802198,0.82,147.0,0.14285714285714285,502.24999999999994,4287.5,318.5,2.1666666666666665
0.4,0.0,1.2000000000000002,2.0,28.91,0.02197802197802198,0.82,147.0,0.14285714285714285,502.24999999999994,4287.5,318.5,2.1666666666666665
0.4,0.0,1.2000000000000002,0.8,41.26,0.02040816326530612,0.79,147.0,0.14285714285714285,503.23,4459.0,343.0,2.3333333333333335
0.4,0.0,1.2000000000000002,1.2000000000000002,41.3,0.02040816326530612,0.79,147.0,0.14285714285714285,503.23,4459.0,343.0,2.3333333333333335
0.4,0.0,1.2000000000000002,1.6,42.49,0.02040816326530612,0.79,147.0,0.14285714285714285,503.23,4459.0,343.0,2.3333333333333335
0.4,0.0,1.2000000000000002,2.0,42.08,0.02040816326530612,0.79,147.0,0.14285714285714285,503.23,4459.0,343.0,2.3333333333333335
0.4,0.0,1.2000000000000002,0.8,39.32,0.01680672268907563,0.76,122.5,0.14285714285714285,502.74,4630.5,416.5,3.4
0.4,0.0,1.2000000000000002,1.2000000000000002,39.84,0.01680672268907563,0.76,122.5,0.14285714285714285,502.74,4630.5,416.5,3.4
0.4,0.0,1.2000000000000002,1.6,38.89,0.01680672268907563,0.76,122.5,0.14285714285714285,502.74,4630.5,416.5,3.4
0.4,0.0,1.2000000000000002,2.0,39.68,0.01680672268907563,0.76,122.5,0.14285714285714285,502.74,4630.5,416.5,3.4
0.4,0.0,1.2000000000000002,0.8,13.97,0.014285714285714285,0.74,220.5,0.2857142857142857,507.64,2401.0,245.0,1.1111111111111112
0.4,0.0,1.2000000000000002,1.2000000000000002,14.22,0.014285714285714285,0.74,220.5,0.2857142857142857,507.64,2401.0,245.0,1.1111111111111112
0.4,0.0,1.2000000000000002,1.6,14.1,0.014285714285714285,0.74,220.5,0.2857142857142857,507.64,2401.0,245.0,1.1111111111111112
0.4,0.0,1.2000000000000002,2.0,13.78,0.014285714285714285,0.74,220.5,0.2857142857142857,507.64,2401.0,245.0,1.1111111111111112
0.4,0.0,1.2000000000000002,0.8,14.07,0.012987012987012988,0.71,220.5,0.2857142857142857,504.455,2486.75,269.5,1.2222222222222223
0.4,0.0,1.2000000000000002,1.2000000000000002,14.03,0.012987012987012988,0.71,220.5,0.2857142857142857,504.455,2486.75,269.5,1.2222222222222223
0.4,0.0,1.2000000000000002,1.6,13.94,0.012987012987012988,0.71,220.5,0.2857142857142857,504.455,2486.75,269.5,1.2222222222222223
0.4,0.0,1.2000000000000002,2.0,13.86,0.012987012987012988,0.71,220.5,0.2857142857142857,504.455,2486.75,269.5,1.2222222222222223
0.4,0.0,1.2000000000000002,0.8,14.32,0.011904761904761904,0.69,220.5,0.2857142857142857,507.15,2572.5,294.0,1.3333333333333333
0.4,0.0,1.2000000000000002,1.2000000000000002,14.56,0.011904761904761904,0.69,220.5,0.2857142857142857,507.15,2572.5,294.0,1.3333333333333333
0.4,0.0,1.2000000000000002,1.6,14.33,0.011904761904761904,0.69,220.5,0.2857142857142857,507.15,2572.5,294.0,1.3333333333333333
0.4,0.0,1.2000000000000002,2.0,14.08,0.011904761904761904,0.69,220.5,0.2857142857142857,507.15,2572.5,294.0,1.3333333333333333
0.4,0.0,1.2000000000000002,0.8,15.16,0.01098901098901099,0.66,220.5,0.2857142857142857,501.27000000000004,2658.25,318.5,1.4444444444444444
0.4,0.0,1.2000000000000002,1.2000000000000002,15.18,0.01098901098901099,0.66,220.5,0.2857142857142857,501.27000000000004,2658.25,318.5,1.4444444444444444
0.4,0.0,1.2000000000000002,1.6,14.72,0.01098901098901099,0.66,220.5,0.2857142857142857,501.27000000000004,2658.25,318.5,1.4444444444444444
0.4,0.0,1.2000000000000002,2.0,14.9,0.01098901098901099,0.66,220.5,0.2857142857142857,501.27000000000004,2658.25,318.5,1.4444444444444444
0.4,0.0,1.2000000000000002,0.8,18.48,0.01020408163265306,0.64,220.5,0.2857142857142857,501.76,2744.0,343.0,1.5555555555555556
0.4,0.0,1.2000000000000002,1.2000000000000002,18.71,0.01020408163265306,0.64,220.5,0.2857142857142857,501.76,2744.0,343.0,1.5555555555555556
0.4,0.0,1.2000000000000002,1.6,18.48,0.01020408163265306,0.64,220.5,0.2857142857142857,501.76,2744.0,343.0,1.5555555555555556
0.4,0.0,1.2000000000000002,2.0,18.46,0.01020408163265306,0.64,220.5,0.2857142857142857,501.76,2744.0,343.0,1.5555555555555556
0.4,0.0,1.2000000000000002,0.8,16.47,0.009523809523809525,0.62,220.5,0.2857142857142857,501.27,2829.75,367.5,1.6666666666666667
0.4,0.0,1.2000000000000002,1.2000000000000002,16.35,0.009523809523809525,0.62,220.5,0.2857142857142857,501.27,2829.75,367.5,1.6666666666666667
0.4,0.0,1.2000000000000002,1.6,16.55,0.009523809523809525,0.62,220.5,0.2857142857142857,501.27,2829.75,367.5,1.6666666666666667
0.4,0.0,1.2000000000000002,2.0,16.74,0.009523809523809525,0.62,220.5,0.2857142857142857,501.27,2829.75,367.5,1.6666666666666667
0.4,0.0,1.6,0.8,32.85,0.023809523809523808,0.98,110.25,0.14285714285714285,504.21,3601.5,294.0,2.6666666666666665
0.4,0.0,1.6,1.2000000000000002,32.67,0.023809523809523808,0.98,110.25,0.14285714285714285,504.21,3601.5,294.0,2.6666666666666665
0.4,0.0,1.6,1.6,32.21,0.023809523809523808,0.98,110.25,0.14285714285714285,504.21,3601.5,294.0,2.6666666666666665
0.4,0.0,1.6,2.0,32.74,0.023809523809523808,0.98,110.25,0.14285714285714285,504.21,3601.5,294.0,2.6666666666666665
0.4,0.0,1.6,0.8,36.45,0.02197802197802198,0.9,122.5,0.14285714285714285,507.15000000000003,3944.5,318.5,2.6
0.4,0.0,1.6,1.2000000000000002,35.73,0.02197802197802198,0.9,122.5,0.14285714285714285,507.15000000000003,3944.5,318.5,2.6
0.4,0.0,1.6,1.6,35.4,0.02197802197802198,0.9,122.5,0.14285714285714285,507.15000000000003,3944.5,318.5,2.6
0.4,0.0,1.6,2.0,36.57,0.02197802197802198,0.9,122.5,0.14285714285714285,507.15000000000003,3944.5,318.5,2.6
0.4,0.0,1.6,0.8,32.38,0.023809523809523808,0.86,147.0,0.14285714285714285,505.68,4116.0,294.0,2.0
0.4,0.0,1.6,1.2000000000000002,31.66,0.023809523809523808,0.86,147.0,0.14285714285714285,505.68,4116.0,294.0,2.0
0.4,0.0,1.6,1.6,32.15,0.023809523809523808,0.86,147.0,0.14285714285714285,505.68,4116.0,294.0,2.0
0.4,0.0,1.6,2.0,32.75,0.023809523809523808,0.86,147.0,0.14285714285714285,505.68,4116.0,294.0,2.0
0.4,0.0,1.6,0.8,28.93,0.02197802197802198,0.82,147.0,0.14285714285714285,502.24999999999994,4287.5,318.5,2.1666666666666665
0.4,0.0,1.6,1.2000000000000002,28.05,0.02197802197802198,0.82,147.0,0.14285714285714285,502.24999999999994,4287.5,318.5,2.1666666666666665
0.4,0.0,1.6,1.6,28.64,0.02197802197802198,0.82,147.0,0.14285714285714285,502.24999999999994,4287.5,318.5,2.1666666666666665
0.4,0.0,1.6,2.0,29.52,0.02197802197802198,0.82,147.0,0.14285714285714285,502.24999999999994,4287.5,318.5,2.1666666666666665
0.4,0.0,1.6,0.8,42.77,0.02040816326530612,0.79,147.0,0.14285714285714285,503.23,4459.0,343.0,2.3333333333333335
0.4,0.0,1.6,1.2000000000000002,41.73,0.02040816326530612,0.79,147.0,0.14285714285714285,503.23,4459.0,343.0,2.3333333333333335
0.4,0.0,1.6,1.6,41.32,0.02040816326530612,0.79,147.0,0.14285714285714285,503.23,4459.0,343.0,2.3333333333333335
0.4,0.0,1.6,2.0,42.96,0.02040816326530612,0.79,147.0,0.14285714285714285,503.23,4459.0,343.0,2.3333333333333335
0.4,0.0,1.6,0.8,40.68,0.01680672268907563,0.76,122.5,0.14285714285714285,502.74,4630.5,416.5,3.4
0.4,0.0,1.6,1.2000000000000002,40.4,0.01680672268907563,0.76,122.5,0.14285714285714285,502.74,4630.5,416.5,3.4
0.4,0.0,1.6,1.6,40.6,0.01680672268907563,0.76,122.5,0.14285714285714285,502.74,4630.5,416.5,3.4
0.4,0.0,1.6,2.0,40.11,0.01680672268907563,0.76,122.5,0.14285714285714285,502.74,4630.5,416.5,3.4
0.4,0.0,1.6,0.8,14.37,0.014285714285714285,0.74,220.5,0.2857142857142857,507.64,2401.0,245.0,1.1111111111111112
0.4,0.0,1.6,1.2000000000000002,14.48,0.014285714285714285,0.74,220.5,0.2857142857142857,507.64,2401.0,245.0,1.1111111111111112
0.4,0.0,1.6,1.6,14.32,0.014285714285714285,0.74,220.5,0.2857142857142857,507.64,2401.0,245.0,1.1111111111111112
0.4,0.0,1.6,2.0,14.44,0.014285714285714285,0.74,220.5,0.2857142857142857,507.64,2401.0,245.0,1.1111111111111112
0.4,0.0,1.6,0.8,14.6,0.012987012987012988,0.71,220.5,0.2857142857142857,504.455,2486.75,269.5,1.2222222222222223
0.4,0.0,1.6,1.2000000000000002,14.7,0.012987012987012988,0.71,220.5,0.2857142857142857,504.455,2486.75,269.5,1.2222222222222223
0.4,0.0,1.6,1.6,14.47,0.012987012987012988,0.71,220.5,0.2857142857142857,504.455,2486.75,269.5,1.2222222222222223
0.4,0.0,1.6,2.0,14.66,0.012987012987012988,0.71,220.5,0.2857142857142857,504.455,2486.75,269.5,1.2222222222222223
0.4,0.0,1.6,0.8,14.54,0.011904761904761904,0.69,220.5,0.2857142857142857,507.15,2572.5,294.0,1.3333333333333333
0.4,0.0,1.6,1.2000000000000002,14.62,0.011904761904761904,0.69,220.5,0.2857142857142857,507.15,2572.5,294.0,1.3333333333333333
0.4,0.0,1.6,1.6,14.53,0.011904761904761904,0.69,220.5,0.2857142857142857,507.15,2572.5,294.0,1.3333333333333333
0.4,0.0,1.6,2.0,14.71,0.011904761904761904,0.69,220.5,0.2857142857142857,507.15,2572.5,294.0,1.3333333333333333
0.4,0.0,1.6,0.8,15.34,0.01098901098901099,0.66,220.5,0.2857142857142857,501.27000000000004,2658.25,318.5,1.4444444444444444
0.4,0.0,1.6,1.2000000000000002,15.29,0.01098901098901099,0.66,220.5,0.2857142857142857,501.27000000000004,2658.25,318.5,1.4444444444444444
0.4,0.0,1.6,1.6,15.09,0.01098901098901099,0.66,220.5,0.2857142857142857,501.27000000000004,2658.25,318.5,1.4444444444444444
0.4,0.0,1.6,2.0,15.3,0.01098901098901099,0.66,220.5,0.2857142857142857,501.27000000000004,2658.25,318.5,1.4444444444444444
0.4,0.0,1.6,0.8,19.06,0.01020408163265306,0.64,220.5,0.2857142857142857,501.76,2744.0,343.0,1.5555555555555556
0.4,0.0,1.6,1.2000000000000002,19.13,0.01020408163265306,0.64,220.5,0.2857142857142857,501.76,2744.0,343.0,1.5555555555555556
0.4,0.0,1.6,1.6,19.0,0.01020408163265306,0.64,220.5,0.2857142857142857,501.76,2744.0,343.0,1.5555555555555556
0.4,0.0,1.6,2.0,18.84,0.01020408163265306,0.64,220.5,0.2857142857142857,501.76,2744.0,343.0,1.5555555555555556
0.4,0.0,1.6,0.8,16.44,0.009523809523809525,0.62,220.5,0.2857142857142857,501.27,2829.75,367.5,1.6666666666666667
0.4,0.0,1.6,1.2000000000000002,16.9,0.009523809523809525,0.62,220.5,0.2857142857142857,501.27,2829.75,367.5,1.6666666666666667
0.4,0.0,1.6,1.6,16.94,0.009523809523809525,0.62,220.5,0.2857142857142857,501.27,2829.75,367.5,1.6666666666666667
0.4,0.0,1.6,2.0,16.77,0.009523809523809525,0.62,220.5,0.2857142857142857,501.27,2829.75,367.5,1.6666666666666667
0.4,0.0,2.0,0.8,32.84,0.023809523809523808,0.98,110.25,0.14285714285714285,504.21,3601.5,294.0,2.6666666666666665
0.4,0.0,2.0,1.2000000000000002,32.72,0.023809523809523808,0.98,110.25,0.14285714285714285,504.21,3601.5,294.0,2.6666666666666665
0.4,0.0,2.0,1.6,32.21,0.023809523809523808,0.98,110.25,0.14285714285714285,504.21,3601.5,294.0,2.6666666666666665
0.4,0.0,2.0,2.0,32.73,0.023809523809523808,0.98,110.25,0.14285714285714285,504.21,3601.5,294.0,2.6666666666666665
0.4,0.0,2.0,0.8,35.67,0.02197802197802198,0.9,122.5,0.14285714285714285,507.15000000000003,3944.5,318.5,2.6
0.4,0.0,2.0,1.2000000000000002,35.01,0.02197802197802198,0.9,122.5,0.14285714285714285,507.15000000000003,3944.5,318.5,2.6
0.4,0.0,2.0,1.6,34.72,0.02197802197802198,0.9,122.5,0.14285714285714285,507.15000000000003,3944.5,318.5,2.6
0.4,0.0,2.0,2.0,35.24,0.02197802197802198,0.9,122.5,0.14285714285714285,507.15000000000003,3944.5,318.5,2.6
0.4,0.0,2.0,0.8,32.31,0.023809523809523808,0.86,147.0,0.14285714285714285,505.68,4116.0,294.0,2.0
0.4,0.0,2.0,1.2000000000000002,31.81,0.023809523809523808,0.86,147.0,0.14285714285714285,505.68,4116.0,294.0,2.0
0.4,0.0,2.0,1.6,31.12,0.023809523809523808,0.86,147.0,0.14285714285714285,505.68,4116.0,294.0,2.0
0.4,0.0,2.0,2.0,32.06,0.023809523809523808,0.86,147.0,0.14285714285714285,505.68,4116.0,294.0,2.0
0.4,0.0,2.0,0.8,30.0,0.02197802197802198,0.82,147.0,0.14285714285714285,502.24999999999994,4287.5,318.5,2.1666666666666665
0.4,0.0,2.0,1.2000000000000002,29.5,0.02197802197802198,0.82,147.0,0.14285714285714285,502.24999999999994,4287.5,318.5,2.1666666666666665
0.4,0.0,2.0,1.6,29.06,0.02197802197802198,0.82,147.0,0.14285714285714285,502.24999999999994,4287.5,318.5,2.1666666666666665
0.4,0.0,2.0,2.0,29.92,0.02197802197802198,0.82,147.0,0.14285714285714285,502.24999999999994,4287.5,318.5,2.1666666666666665
0.4,0.0,2.0,0.8,42.11,0.02040816326530612,0.79,147.0,0.14285714285714285,503.23,4459.0,343.0,2.3333333333333335
0.4,0.0,2.0,1.2000000000000002,41.96,0.02040816326530612,0.79,147.0,0.14285714285714285,503.23,4459.0,343.0,2.3333333333333335
0.4,0.0,2.0,1.6,41.09,0.02040816326530612,0.79,147.0,0.14285714285714285,503.23,4459.0,343.0,2.3333333333333335
0.4,0.0,2.0,2.0,40.79,0.02040816326530612,0.79,147.0,0.14285714285714285,503.23,4459.0,343.0,2.3333333333333335
0.4,0.0,2.0,0.8,38.82,0.01680672268907563,0.76,122.5,0.14285714285714285,502.74,4630.5,416.5,3.4
0.4,0.0,2.0,1.2000000000000002,39.72,0.01680672268907563,0.76,122.5,0.14285714285714285,502.74,4630.5,416.5,3.4
0.4,0.0,2.0,1.6,39.31,0.01680672268907563,0.76,122.5,0.14285714285714285,502.74,4630.5,416.5,3.4
0.4,0.0,2.0,2.0,39.86,0.01680672268907563,0.76,122.5,0.14285714285714285,502.74,4630.5,416.5,3.4
0.4,0.0,2.0,0.8,14.41,0.014285714285714285,0.74,220.5,0.2857142857142857,507.64,2401.0,245.0,1.1111111111111112
0.4,0.0,2.0,1.2000000000000002,14.19,0.014285714285714285,0.74,220.5,0.2857142857142857,507.64,2401.0,245.0,1.1111111111111112
0.4,0.0,2.0,1.6,14.17,0.014285714285714285,0.74,220.5,0.2857142857142857,507.64,2401.0,245.0,1.1111111111111112
0.4,0.0,2.0,2.0,14.39,0.014285714285714285,0.74,220.5,0.2857142857142857,507.64,2401.0,245.0,1.1111111111111112
0.4,0.0,2.0,0.8,12.43,0.012987012987012988,0.71,220.5,0.2857142857142857,504.455,2486.75,269.5,1.2222222222222223
0.4,0.0,2.0,1.2000000000000002,12.63,0.012987012987012988,0.71,220.5,0.2857142857142857,504.455,2486.75,269.5,1.2222222222222223
0.4,0.0,2.0,1.6,12.76,0.012987012987012988,0.71,220.5,0.2857142857142857,504.455,2486.75,269.5,1.2222222222222223
0.4,0.0,2.0,2.0,12.42,0.012987012987012988,0.71,220.5,0.2857142857142857,504.455,2486.75,269.5,1.2222222222222223
0.4,0.0,2.0,0.8,14.12,0.011904761904761904,0.69,220.5,0.2857142857142857,507.15,2572.5,294.0,1.3333333333333333
0.4,0.0,2.0,1.2000000000000002,14.28,0.011904761904761904,0.69,220.5,0.2857142857142857,507.15,2572.5,294.0,1.3333333333333333
0.4,0.0,2.0,1.6,14.37,0.011904761904761904,0.69,220.5,0.2857142857142857,507.15,2572.5,294.0,1.3333333333333333
0.4,0.0,2.0,2.0,14.21,0.011904761904761904,0.69,220.5,0.2857142857142857,507.15,2572.5,294.0,1.3333333333333333
0.4,0.0,2.0,0.8,14.96,0.01098901098901099,0.66,220.5,0.2857142857142857,501.27000000000004,2658.25,318.5,1.4444444444444444
0.4,0.0,2.0,1.2000000000000002,14.92,0.01098901098901099,0.66,220.5,0.2857142857142857,501.27000000000004,2658.25,318.5,1.4444444444444444
0.4,0.0,2.0,1.6,14.92,0.01098901098901099,0.66,220.5,0.2857142857142857,501.27000000000004,2658.25,318.5,1.4444444444444444
0.4,0.0,2.0,2.0,15.16,0.01098901098901099,0.66,220.5,0.2857142857142857,501.27000000000004,2658.25,318.5,1.4444444444444444
0.4,0.0,2.0,0.8,17.69,0.01020408163265306,0.64,220.5,0.2857142857142857,501.76,2744.0,343.0,1.5555555555555556
0.4,0.0,2.0,1.2000000000000002,18.19,0.01020408163265306,0.64,220.5,0.2857142857142857,501.76,2744.0,343.0,1.5555555555555556
0.4,0.0,2.0,1.6,18.16,0.01020408163265306,0.64,220.5,0.2857142857142857,501.76,2744.0,343.0,1.5555555555555556
0.4,0.0,2.0,2.0,17.88,0.01020408163265306,0.64,220.5,0.2857142857142857,501.76,2744.0,343.0,1.5555555555555556
0.4,0.0,2.0,0.8,16.54,0.009523809523809525,0.62,220.5,0.2857142857142857,501.27,2829.75,367.5,1.6666666666666667
0.4,0.0,2.0,1.2000000000000002,16.44,0.009523809523809525,0.62,220.5,0.2857142857142857,501.27,2829.75,367.5,1.6666666666666667
0.4,0.0,2.0,1.6,16.48,0.009523809523809525,0.62,220.5,0.2857142857142857,501.27,2829.75,367.5,1.6666666666666667
0.4,0.0,2.0,2.0,16.64,0.009523809523809525,0.62,220.5,0.2857142857142857,501.27,2829.75,367.5,1.6666666666666667
